link_id,from_node_id,to_node_id,built_cost,trans_cost
1,1001,2001,19,0
2,1001,2002,24,0
3,1001,2003,15,0
4,1001,2004,14,0
5,1001,2005,26,0
6,1001,2006,21,0
7,1001,2007,28,0
8,1001,2008,12,0
9,1001,2009,21,0
10,1001,2010,10,0
11,1001,2011,26,0
12,1001,2012,10,0
13,1001,2013,12,0
14,1001,2014,26,0
15,1001,2015,11,0
16,1001,2016,18,0
17,1001,2017,19,0
18,1001,2018,21,0
19,1001,2019,27,0
20,1001,2020,15,0
21,1001,2021,11,0
22,1001,2022,22,0
23,1001,2023,12,0
24,1001,2024,28,0
25,1001,2025,28,0
26,1001,2026,10,0
27,1001,2027,12,0
28,1001,2028,23,0
29,1001,2029,20,0
30,1001,2030,24,0
31,1001,2031,18,0
32,1001,2032,13,0
33,1001,2033,13,0
34,1001,2034,11,0
35,1001,2035,27,0
36,1001,2036,18,0
37,1002,2001,10,0
38,1002,2002,13,0
39,1002,2003,13,0
40,1002,2004,26,0
41,1002,2005,10,0
42,1002,2006,22,0
43,1002,2007,25,0
44,1002,2008,25,0
45,1002,2009,27,0
46,1002,2010,20,0
47,1002,2011,22,0
48,1002,2012,22,0
49,1002,2013,13,0
50,1002,2014,26,0
51,1002,2015,19,0
52,1002,2016,10,0
53,1002,2017,29,0
54,1002,2018,13,0
55,1002,2019,24,0
56,1002,2020,16,0
57,1002,2021,23,0
58,1002,2022,10,0
59,1002,2023,26,0
60,1002,2024,23,0
61,1002,2025,21,0
62,1002,2026,22,0
63,1002,2027,19,0
64,1002,2028,10,0
65,1002,2029,17,0
66,1002,2030,25,0
67,1002,2031,17,0
68,1002,2032,23,0
69,1002,2033,20,0
70,1002,2034,10,0
71,1002,2035,22,0
72,1002,2036,28,0
73,1003,2001,22,0
74,1003,2002,10,0
75,1003,2003,17,0
76,1003,2004,10,0
77,1003,2005,16,0
78,1003,2006,12,0
79,1003,2007,10,0
80,1003,2008,10,0
81,1003,2009,27,0
82,1003,2010,27,0
83,1003,2011,24,0
84,1003,2012,19,0
85,1003,2013,20,0
86,1003,2014,16,0
87,1003,2015,20,0
88,1003,2016,23,0
89,1003,2017,13,0
90,1003,2018,12,0
91,1003,2019,15,0
92,1003,2020,17,0
93,1003,2021,12,0
94,1003,2022,17,0
95,1003,2023,23,0
96,1003,2024,23,0
97,1003,2025,10,0
98,1003,2026,15,0
99,1003,2027,23,0
100,1003,2028,24,0
101,1003,2029,28,0
102,1003,2030,22,0
103,1003,2031,20,0
104,1003,2032,10,0
105,1003,2033,22,0
106,1003,2034,27,0
107,1003,2035,20,0
108,1003,2036,23,0
109,1004,2001,11,0
110,1004,2002,13,0
111,1004,2003,17,0
112,1004,2004,21,0
113,1004,2005,21,0
114,1004,2006,30,0
115,1004,2007,16,0
116,1004,2008,24,0
117,1004,2009,28,0
118,1004,2010,14,0
119,1004,2011,23,0
120,1004,2012,18,0
121,1004,2013,30,0
122,1004,2014,10,0
123,1004,2015,14,0
124,1004,2016,12,0
125,1004,2017,13,0
126,1004,2018,30,0
127,1004,2019,21,0
128,1004,2020,28,0
129,1004,2021,15,0
130,1004,2022,25,0
131,1004,2023,21,0
132,1004,2024,30,0
133,1004,2025,26,0
134,1004,2026,26,0
135,1004,2027,16,0
136,1004,2028,19,0
137,1004,2029,16,0
138,1004,2030,16,0
139,1004,2031,22,0
140,1004,2032,17,0
141,1004,2033,14,0
142,1004,2034,16,0
143,1004,2035,16,0
144,1004,2036,27,0
145,1005,2001,17,0
146,1005,2002,30,0
147,1005,2003,25,0
148,1005,2004,18,0
149,1005,2005,13,0
150,1005,2006,29,0
151,1005,2007,12,0
152,1005,2008,10,0
153,1005,2009,19,0
154,1005,2010,28,0
155,1005,2011,27,0
156,1005,2012,26,0
157,1005,2013,22,0
158,1005,2014,10,0
159,1005,2015,25,0
160,1005,2016,25,0
161,1005,2017,24,0
162,1005,2018,17,0
163,1005,2019,30,0
164,1005,2020,29,0
165,1005,2021,20,0
166,1005,2022,28,0
167,1005,2023,12,0
168,1005,2024,28,0
169,1005,2025,28,0
170,1005,2026,11,0
171,1005,2027,23,0
172,1005,2028,22,0
173,1005,2029,11,0
174,1005,2030,29,0
175,1005,2031,14,0
176,1005,2032,30,0
177,1005,2033,12,0
178,1005,2034,15,0
179,1005,2035,30,0
180,1005,2036,22,0
181,1006,2001,12,0
182,1006,2002,11,0
183,1006,2003,25,0
184,1006,2004,23,0
185,1006,2005,13,0
186,1006,2006,17,0
187,1006,2007,10,0
188,1006,2008,28,0
189,1006,2009,29,0
190,1006,2010,13,0
191,1006,2011,30,0
192,1006,2012,19,0
193,1006,2013,19,0
194,1006,2014,27,0
195,1006,2015,28,0
196,1006,2016,11,0
197,1006,2017,21,0
198,1006,2018,14,0
199,1006,2019,22,0
200,1006,2020,27,0
201,1006,2021,11,0
202,1006,2022,12,0
203,1006,2023,19,0
204,1006,2024,26,0
205,1006,2025,16,0
206,1006,2026,11,0
207,1006,2027,26,0
208,1006,2028,22,0
209,1006,2029,28,0
210,1006,2030,12,0
211,1006,2031,12,0
212,1006,2032,13,0
213,1006,2033,29,0
214,1006,2034,22,0
215,1006,2035,24,0
216,1006,2036,27,0
217,1007,2001,20,0
218,1007,2002,13,0
219,1007,2003,23,0
220,1007,2004,10,0
221,1007,2005,12,0
222,1007,2006,23,0
223,1007,2007,27,0
224,1007,2008,30,0
225,1007,2009,17,0
226,1007,2010,10,0
227,1007,2011,13,0
228,1007,2012,10,0
229,1007,2013,24,0
230,1007,2014,28,0
231,1007,2015,19,0
232,1007,2016,20,0
233,1007,2017,30,0
234,1007,2018,14,0
235,1007,2019,27,0
236,1007,2020,26,0
237,1007,2021,21,0
238,1007,2022,24,0
239,1007,2023,23,0
240,1007,2024,27,0
241,1007,2025,27,0
242,1007,2026,24,0
243,1007,2027,27,0
244,1007,2028,30,0
245,1007,2029,20,0
246,1007,2030,25,0
247,1007,2031,21,0
248,1007,2032,22,0
249,1007,2033,15,0
250,1007,2034,23,0
251,1007,2035,16,0
252,1007,2036,18,0
253,1008,2001,17,0
254,1008,2002,26,0
255,1008,2003,16,0
256,1008,2004,18,0
257,1008,2005,30,0
258,1008,2006,26,0
259,1008,2007,12,0
260,1008,2008,29,0
261,1008,2009,21,0
262,1008,2010,12,0
263,1008,2011,15,0
264,1008,2012,25,0
265,1008,2013,20,0
266,1008,2014,23,0
267,1008,2015,24,0
268,1008,2016,14,0
269,1008,2017,23,0
270,1008,2018,18,0
271,1008,2019,18,0
272,1008,2020,17,0
273,1008,2021,17,0
274,1008,2022,16,0
275,1008,2023,19,0
276,1008,2024,21,0
277,1008,2025,13,0
278,1008,2026,13,0
279,1008,2027,23,0
280,1008,2028,21,0
281,1008,2029,26,0
282,1008,2030,14,0
283,1008,2031,14,0
284,1008,2032,28,0
285,1008,2033,20,0
286,1008,2034,19,0
287,1008,2035,13,0
288,1008,2036,30,0
289,1009,2001,30,0
290,1009,2002,22,0
291,1009,2003,28,0
292,1009,2004,18,0
293,1009,2005,21,0
294,1009,2006,14,0
295,1009,2007,12,0
296,1009,2008,26,0
297,1009,2009,28,0
298,1009,2010,14,0
299,1009,2011,21,0
300,1009,2012,17,0
301,1009,2013,18,0
302,1009,2014,11,0
303,1009,2015,23,0
304,1009,2016,18,0
305,1009,2017,13,0
306,1009,2018,18,0
307,1009,2019,21,0
308,1009,2020,23,0
309,1009,2021,22,0
310,1009,2022,19,0
311,1009,2023,16,0
312,1009,2024,16,0
313,1009,2025,10,0
314,1009,2026,21,0
315,1009,2027,24,0
316,1009,2028,12,0
317,1009,2029,11,0
318,1009,2030,15,0
319,1009,2031,20,0
320,1009,2032,17,0
321,1009,2033,28,0
322,1009,2034,12,0
323,1009,2035,17,0
324,1009,2036,13,0
325,1010,2001,29,0
326,1010,2002,11,0
327,1010,2003,26,0
328,1010,2004,17,0
329,1010,2005,16,0
330,1010,2006,27,0
331,1010,2007,26,0
332,1010,2008,12,0
333,1010,2009,21,0
334,1010,2010,28,0
335,1010,2011,23,0
336,1010,2012,13,0
337,1010,2013,15,0
338,1010,2014,29,0
339,1010,2015,13,0
340,1010,2016,23,0
341,1010,2017,15,0
342,1010,2018,11,0
343,1010,2019,12,0
344,1010,2020,23,0
345,1010,2021,10,0
346,1010,2022,22,0
347,1010,2023,29,0
348,1010,2024,13,0
349,1010,2025,22,0
350,1010,2026,30,0
351,1010,2027,18,0
352,1010,2028,14,0
353,1010,2029,14,0
354,1010,2030,23,0
355,1010,2031,30,0
356,1010,2032,17,0
357,1010,2033,14,0
358,1010,2034,16,0
359,1010,2035,21,0
360,1010,2036,27,0
361,1011,2001,11,0
362,1011,2002,15,0
363,1011,2003,20,0
364,1011,2004,20,0
365,1011,2005,12,0
366,1011,2006,16,0
367,1011,2007,25,0
368,1011,2008,20,0
369,1011,2009,23,0
370,1011,2010,12,0
371,1011,2011,10,0
372,1011,2012,19,0
373,1011,2013,18,0
374,1011,2014,17,0
375,1011,2015,17,0
376,1011,2016,12,0
377,1011,2017,26,0
378,1011,2018,22,0
379,1011,2019,30,0
380,1011,2020,15,0
381,1011,2021,17,0
382,1011,2022,12,0
383,1011,2023,12,0
384,1011,2024,20,0
385,1011,2025,25,0
386,1011,2026,18,0
387,1011,2027,13,0
388,1011,2028,21,0
389,1011,2029,20,0
390,1011,2030,10,0
391,1011,2031,16,0
392,1011,2032,26,0
393,1011,2033,20,0
394,1011,2034,15,0
395,1011,2035,11,0
396,1011,2036,16,0
397,1012,2001,28,0
398,1012,2002,30,0
399,1012,2003,16,0
400,1012,2004,10,0
401,1012,2005,20,0
402,1012,2006,14,0
403,1012,2007,18,0
404,1012,2008,30,0
405,1012,2009,12,0
406,1012,2010,12,0
407,1012,2011,10,0
408,1012,2012,23,0
409,1012,2013,26,0
410,1012,2014,17,0
411,1012,2015,22,0
412,1012,2016,25,0
413,1012,2017,12,0
414,1012,2018,16,0
415,1012,2019,22,0
416,1012,2020,18,0
417,1012,2021,28,0
418,1012,2022,19,0
419,1012,2023,16,0
420,1012,2024,11,0
421,1012,2025,30,0
422,1012,2026,11,0
423,1012,2027,17,0
424,1012,2028,25,0
425,1012,2029,28,0
426,1012,2030,19,0
427,1012,2031,20,0
428,1012,2032,26,0
429,1012,2033,24,0
430,1012,2034,28,0
431,1012,2035,15,0
432,1012,2036,10,0
433,1013,2001,14,0
434,1013,2002,27,0
435,1013,2003,10,0
436,1013,2004,18,0
437,1013,2005,23,0
438,1013,2006,28,0
439,1013,2007,13,0
440,1013,2008,12,0
441,1013,2009,26,0
442,1013,2010,26,0
443,1013,2011,28,0
444,1013,2012,16,0
445,1013,2013,14,0
446,1013,2014,11,0
447,1013,2015,25,0
448,1013,2016,28,0
449,1013,2017,30,0
450,1013,2018,23,0
451,1013,2019,22,0
452,1013,2020,27,0
453,1013,2021,17,0
454,1013,2022,23,0
455,1013,2023,18,0
456,1013,2024,25,0
457,1013,2025,15,0
458,1013,2026,21,0
459,1013,2027,25,0
460,1013,2028,19,0
461,1013,2029,12,0
462,1013,2030,16,0
463,1013,2031,21,0
464,1013,2032,16,0
465,1013,2033,29,0
466,1013,2034,15,0
467,1013,2035,24,0
468,1013,2036,26,0
469,1014,2001,22,0
470,1014,2002,26,0
471,1014,2003,10,0
472,1014,2004,18,0
473,1014,2005,18,0
474,1014,2006,25,0
475,1014,2007,12,0
476,1014,2008,26,0
477,1014,2009,10,0
478,1014,2010,28,0
479,1014,2011,27,0
480,1014,2012,27,0
481,1014,2013,12,0
482,1014,2014,28,0
483,1014,2015,30,0
484,1014,2016,23,0
485,1014,2017,27,0
486,1014,2018,27,0
487,1014,2019,28,0
488,1014,2020,22,0
489,1014,2021,24,0
490,1014,2022,21,0
491,1014,2023,29,0
492,1014,2024,25,0
493,1014,2025,12,0
494,1014,2026,15,0
495,1014,2027,19,0
496,1014,2028,10,0
497,1014,2029,20,0
498,1014,2030,17,0
499,1014,2031,23,0
500,1014,2032,23,0
501,1014,2033,10,0
502,1014,2034,15,0
503,1014,2035,25,0
504,1014,2036,11,0
505,1015,2001,17,0
506,1015,2002,14,0
507,1015,2003,10,0
508,1015,2004,22,0
509,1015,2005,25,0
510,1015,2006,26,0
511,1015,2007,16,0
512,1015,2008,10,0
513,1015,2009,17,0
514,1015,2010,18,0
515,1015,2011,21,0
516,1015,2012,16,0
517,1015,2013,12,0
518,1015,2014,19,0
519,1015,2015,26,0
520,1015,2016,16,0
521,1015,2017,12,0
522,1015,2018,15,0
523,1015,2019,19,0
524,1015,2020,30,0
525,1015,2021,16,0
526,1015,2022,19,0
527,1015,2023,27,0
528,1015,2024,17,0
529,1015,2025,11,0
530,1015,2026,25,0
531,1015,2027,20,0
532,1015,2028,12,0
533,1015,2029,12,0
534,1015,2030,28,0
535,1015,2031,22,0
536,1015,2032,26,0
537,1015,2033,21,0
538,1015,2034,11,0
539,1015,2035,16,0
540,1015,2036,12,0
541,1016,2001,27,0
542,1016,2002,23,0
543,1016,2003,10,0
544,1016,2004,22,0
545,1016,2005,13,0
546,1016,2006,29,0
547,1016,2007,23,0
548,1016,2008,28,0
549,1016,2009,26,0
550,1016,2010,29,0
551,1016,2011,22,0
552,1016,2012,25,0
553,1016,2013,15,0
554,1016,2014,20,0
555,1016,2015,10,0
556,1016,2016,17,0
557,1016,2017,21,0
558,1016,2018,23,0
559,1016,2019,14,0
560,1016,2020,21,0
561,1016,2021,13,0
562,1016,2022,21,0
563,1016,2023,15,0
564,1016,2024,26,0
565,1016,2025,27,0
566,1016,2026,19,0
567,1016,2027,19,0
568,1016,2028,22,0
569,1016,2029,17,0
570,1016,2030,25,0
571,1016,2031,30,0
572,1016,2032,11,0
573,1016,2033,23,0
574,1016,2034,20,0
575,1016,2035,26,0
576,1016,2036,17,0
577,1017,2001,12,0
578,1017,2002,27,0
579,1017,2003,30,0
580,1017,2004,26,0
581,1017,2005,28,0
582,1017,2006,14,0
583,1017,2007,19,0
584,1017,2008,15,0
585,1017,2009,27,0
586,1017,2010,21,0
587,1017,2011,14,0
588,1017,2012,16,0
589,1017,2013,13,0
590,1017,2014,25,0
591,1017,2015,30,0
592,1017,2016,13,0
593,1017,2017,30,0
594,1017,2018,23,0
595,1017,2019,22,0
596,1017,2020,14,0
597,1017,2021,19,0
598,1017,2022,12,0
599,1017,2023,11,0
600,1017,2024,26,0
601,1017,2025,18,0
602,1017,2026,11,0
603,1017,2027,18,0
604,1017,2028,19,0
605,1017,2029,13,0
606,1017,2030,16,0
607,1017,2031,15,0
608,1017,2032,22,0
609,1017,2033,19,0
610,1017,2034,23,0
611,1017,2035,18,0
612,1017,2036,14,0
613,1018,2001,17,0
614,1018,2002,16,0
615,1018,2003,18,0
616,1018,2004,26,0
617,1018,2005,21,0
618,1018,2006,20,0
619,1018,2007,10,0
620,1018,2008,29,0
621,1018,2009,12,0
622,1018,2010,11,0
623,1018,2011,18,0
624,1018,2012,20,0
625,1018,2013,17,0
626,1018,2014,17,0
627,1018,2015,17,0
628,1018,2016,18,0
629,1018,2017,28,0
630,1018,2018,29,0
631,1018,2019,14,0
632,1018,2020,29,0
633,1018,2021,24,0
634,1018,2022,17,0
635,1018,2023,12,0
636,1018,2024,28,0
637,1018,2025,14,0
638,1018,2026,19,0
639,1018,2027,17,0
640,1018,2028,13,0
641,1018,2029,18,0
642,1018,2030,17,0
643,1018,2031,30,0
644,1018,2032,15,0
645,1018,2033,10,0
646,1018,2034,23,0
647,1018,2035,29,0
648,1018,2036,10,0
649,1019,2001,17,0
650,1019,2002,19,0
651,1019,2003,14,0
652,1019,2004,29,0
653,1019,2005,29,0
654,1019,2006,11,0
655,1019,2007,27,0
656,1019,2008,20,0
657,1019,2009,25,0
658,1019,2010,21,0
659,1019,2011,27,0
660,1019,2012,25,0
661,1019,2013,12,0
662,1019,2014,25,0
663,1019,2015,16,0
664,1019,2016,12,0
665,1019,2017,18,0
666,1019,2018,26,0
667,1019,2019,22,0
668,1019,2020,21,0
669,1019,2021,15,0
670,1019,2022,27,0
671,1019,2023,28,0
672,1019,2024,13,0
673,1019,2025,11,0
674,1019,2026,29,0
675,1019,2027,14,0
676,1019,2028,22,0
677,1019,2029,25,0
678,1019,2030,23,0
679,1019,2031,25,0
680,1019,2032,25,0
681,1019,2033,28,0
682,1019,2034,10,0
683,1019,2035,22,0
684,1019,2036,13,0
685,1020,2001,15,0
686,1020,2002,28,0
687,1020,2003,15,0
688,1020,2004,24,0
689,1020,2005,22,0
690,1020,2006,10,0
691,1020,2007,11,0
692,1020,2008,11,0
693,1020,2009,10,0
694,1020,2010,28,0
695,1020,2011,30,0
696,1020,2012,14,0
697,1020,2013,11,0
698,1020,2014,22,0
699,1020,2015,21,0
700,1020,2016,10,0
701,1020,2017,12,0
702,1020,2018,14,0
703,1020,2019,23,0
704,1020,2020,22,0
705,1020,2021,28,0
706,1020,2022,16,0
707,1020,2023,29,0
708,1020,2024,29,0
709,1020,2025,20,0
710,1020,2026,11,0
711,1020,2027,12,0
712,1020,2028,23,0
713,1020,2029,26,0
714,1020,2030,25,0
715,1020,2031,20,0
716,1020,2032,15,0
717,1020,2033,25,0
718,1020,2034,22,0
719,1020,2035,13,0
720,1020,2036,19,0
721,1021,2001,27,0
722,1021,2002,22,0
723,1021,2003,18,0
724,1021,2004,22,0
725,1021,2005,30,0
726,1021,2006,29,0
727,1021,2007,30,0
728,1021,2008,16,0
729,1021,2009,12,0
730,1021,2010,18,0
731,1021,2011,11,0
732,1021,2012,20,0
733,1021,2013,19,0
734,1021,2014,17,0
735,1021,2015,11,0
736,1021,2016,28,0
737,1021,2017,25,0
738,1021,2018,24,0
739,1021,2019,12,0
740,1021,2020,25,0
741,1021,2021,21,0
742,1021,2022,27,0
743,1021,2023,24,0
744,1021,2024,25,0
745,1021,2025,23,0
746,1021,2026,14,0
747,1021,2027,28,0
748,1021,2028,17,0
749,1021,2029,20,0
750,1021,2030,25,0
751,1021,2031,25,0
752,1021,2032,28,0
753,1021,2033,30,0
754,1021,2034,15,0
755,1021,2035,28,0
756,1021,2036,25,0
757,1022,2001,20,0
758,1022,2002,17,0
759,1022,2003,10,0
760,1022,2004,19,0
761,1022,2005,30,0
762,1022,2006,20,0
763,1022,2007,29,0
764,1022,2008,11,0
765,1022,2009,19,0
766,1022,2010,16,0
767,1022,2011,23,0
768,1022,2012,17,0
769,1022,2013,13,0
770,1022,2014,11,0
771,1022,2015,22,0
772,1022,2016,14,0
773,1022,2017,23,0
774,1022,2018,13,0
775,1022,2019,26,0
776,1022,2020,13,0
777,1022,2021,22,0
778,1022,2022,15,0
779,1022,2023,15,0
780,1022,2024,14,0
781,1022,2025,28,0
782,1022,2026,15,0
783,1022,2027,29,0
784,1022,2028,23,0
785,1022,2029,12,0
786,1022,2030,19,0
787,1022,2031,10,0
788,1022,2032,30,0
789,1022,2033,29,0
790,1022,2034,25,0
791,1022,2035,23,0
792,1022,2036,15,0
793,1023,2001,25,0
794,1023,2002,20,0
795,1023,2003,14,0
796,1023,2004,10,0
797,1023,2005,11,0
798,1023,2006,29,0
799,1023,2007,22,0
800,1023,2008,11,0
801,1023,2009,19,0
802,1023,2010,22,0
803,1023,2011,18,0
804,1023,2012,15,0
805,1023,2013,22,0
806,1023,2014,13,0
807,1023,2015,21,0
808,1023,2016,29,0
809,1023,2017,27,0
810,1023,2018,28,0
811,1023,2019,18,0
812,1023,2020,24,0
813,1023,2021,23,0
814,1023,2022,11,0
815,1023,2023,25,0
816,1023,2024,27,0
817,1023,2025,13,0
818,1023,2026,14,0
819,1023,2027,13,0
820,1023,2028,11,0
821,1023,2029,24,0
822,1023,2030,15,0
823,1023,2031,21,0
824,1023,2032,17,0
825,1023,2033,12,0
826,1023,2034,26,0
827,1023,2035,13,0
828,1023,2036,27,0
829,1024,2001,20,0
830,1024,2002,18,0
831,1024,2003,20,0
832,1024,2004,24,0
833,1024,2005,17,0
834,1024,2006,12,0
835,1024,2007,12,0
836,1024,2008,12,0
837,1024,2009,12,0
838,1024,2010,14,0
839,1024,2011,12,0
840,1024,2012,18,0
841,1024,2013,13,0
842,1024,2014,12,0
843,1024,2015,22,0
844,1024,2016,29,0
845,1024,2017,30,0
846,1024,2018,18,0
847,1024,2019,17,0
848,1024,2020,24,0
849,1024,2021,22,0
850,1024,2022,12,0
851,1024,2023,10,0
852,1024,2024,17,0
853,1024,2025,15,0
854,1024,2026,19,0
855,1024,2027,21,0
856,1024,2028,30,0
857,1024,2029,19,0
858,1024,2030,29,0
859,1024,2031,28,0
860,1024,2032,26,0
861,1024,2033,21,0
862,1024,2034,15,0
863,1024,2035,13,0
864,1024,2036,10,0
865,1025,2001,20,0
866,1025,2002,18,0
867,1025,2003,11,0
868,1025,2004,18,0
869,1025,2005,13,0
870,1025,2006,20,0
871,1025,2007,11,0
872,1025,2008,25,0
873,1025,2009,19,0
874,1025,2010,20,0
875,1025,2011,15,0
876,1025,2012,18,0
877,1025,2013,10,0
878,1025,2014,20,0
879,1025,2015,15,0
880,1025,2016,11,0
881,1025,2017,19,0
882,1025,2018,24,0
883,1025,2019,10,0
884,1025,2020,30,0
885,1025,2021,25,0
886,1025,2022,25,0
887,1025,2023,17,0
888,1025,2024,19,0
889,1025,2025,17,0
890,1025,2026,26,0
891,1025,2027,25,0
892,1025,2028,20,0
893,1025,2029,18,0
894,1025,2030,18,0
895,1025,2031,30,0
896,1025,2032,30,0
897,1025,2033,18,0
898,1025,2034,30,0
899,1025,2035,18,0
900,1025,2036,23,0
901,1026,2001,11,0
902,1026,2002,23,0
903,1026,2003,23,0
904,1026,2004,22,0
905,1026,2005,19,0
906,1026,2006,22,0
907,1026,2007,22,0
908,1026,2008,20,0
909,1026,2009,21,0
910,1026,2010,24,0
911,1026,2011,10,0
912,1026,2012,16,0
913,1026,2013,28,0
914,1026,2014,13,0
915,1026,2015,28,0
916,1026,2016,16,0
917,1026,2017,27,0
918,1026,2018,26,0
919,1026,2019,22,0
920,1026,2020,11,0
921,1026,2021,15,0
922,1026,2022,22,0
923,1026,2023,11,0
924,1026,2024,16,0
925,1026,2025,12,0
926,1026,2026,22,0
927,1026,2027,17,0
928,1026,2028,21,0
929,1026,2029,19,0
930,1026,2030,14,0
931,1026,2031,30,0
932,1026,2032,20,0
933,1026,2033,18,0
934,1026,2034,11,0
935,1026,2035,26,0
936,1026,2036,23,0
937,1027,2001,21,0
938,1027,2002,16,0
939,1027,2003,14,0
940,1027,2004,19,0
941,1027,2005,12,0
942,1027,2006,13,0
943,1027,2007,25,0
944,1027,2008,26,0
945,1027,2009,16,0
946,1027,2010,27,0
947,1027,2011,26,0
948,1027,2012,24,0
949,1027,2013,23,0
950,1027,2014,16,0
951,1027,2015,16,0
952,1027,2016,19,0
953,1027,2017,24,0
954,1027,2018,25,0
955,1027,2019,30,0
956,1027,2020,18,0
957,1027,2021,23,0
958,1027,2022,14,0
959,1027,2023,29,0
960,1027,2024,19,0
961,1027,2025,10,0
962,1027,2026,21,0
963,1027,2027,25,0
964,1027,2028,29,0
965,1027,2029,16,0
966,1027,2030,20,0
967,1027,2031,30,0
968,1027,2032,16,0
969,1027,2033,13,0
970,1027,2034,11,0
971,1027,2035,15,0
972,1027,2036,12,0
973,1028,2001,13,0
974,1028,2002,15,0
975,1028,2003,23,0
976,1028,2004,22,0
977,1028,2005,21,0
978,1028,2006,17,0
979,1028,2007,18,0
980,1028,2008,19,0
981,1028,2009,26,0
982,1028,2010,10,0
983,1028,2011,17,0
984,1028,2012,21,0
985,1028,2013,22,0
986,1028,2014,16,0
987,1028,2015,22,0
988,1028,2016,21,0
989,1028,2017,23,0
990,1028,2018,23,0
991,1028,2019,22,0
992,1028,2020,25,0
993,1028,2021,23,0
994,1028,2022,19,0
995,1028,2023,19,0
996,1028,2024,15,0
997,1028,2025,26,0
998,1028,2026,29,0
999,1028,2027,23,0
1000,1028,2028,21,0
1001,1028,2029,27,0
1002,1028,2030,22,0
1003,1028,2031,12,0
1004,1028,2032,15,0
1005,1028,2033,20,0
1006,1028,2034,16,0
1007,1028,2035,14,0
1008,1028,2036,14,0
1009,1029,2001,21,0
1010,1029,2002,29,0
1011,1029,2003,30,0
1012,1029,2004,22,0
1013,1029,2005,15,0
1014,1029,2006,16,0
1015,1029,2007,11,0
1016,1029,2008,25,0
1017,1029,2009,19,0
1018,1029,2010,18,0
1019,1029,2011,11,0
1020,1029,2012,13,0
1021,1029,2013,14,0
1022,1029,2014,12,0
1023,1029,2015,18,0
1024,1029,2016,21,0
1025,1029,2017,22,0
1026,1029,2018,20,0
1027,1029,2019,16,0
1028,1029,2020,20,0
1029,1029,2021,10,0
1030,1029,2022,17,0
1031,1029,2023,29,0
1032,1029,2024,29,0
1033,1029,2025,17,0
1034,1029,2026,25,0
1035,1029,2027,11,0
1036,1029,2028,12,0
1037,1029,2029,16,0
1038,1029,2030,13,0
1039,1029,2031,12,0
1040,1029,2032,12,0
1041,1029,2033,26,0
1042,1029,2034,20,0
1043,1029,2035,25,0
1044,1029,2036,28,0
1045,1030,2001,23,0
1046,1030,2002,18,0
1047,1030,2003,29,0
1048,1030,2004,22,0
1049,1030,2005,26,0
1050,1030,2006,27,0
1051,1030,2007,20,0
1052,1030,2008,15,0
1053,1030,2009,11,0
1054,1030,2010,30,0
1055,1030,2011,28,0
1056,1030,2012,12,0
1057,1030,2013,29,0
1058,1030,2014,30,0
1059,1030,2015,21,0
1060,1030,2016,11,0
1061,1030,2017,21,0
1062,1030,2018,28,0
1063,1030,2019,18,0
1064,1030,2020,11,0
1065,1030,2021,27,0
1066,1030,2022,22,0
1067,1030,2023,24,0
1068,1030,2024,22,0
1069,1030,2025,30,0
1070,1030,2026,27,0
1071,1030,2027,26,0
1072,1030,2028,13,0
1073,1030,2029,22,0
1074,1030,2030,13,0
1075,1030,2031,12,0
1076,1030,2032,22,0
1077,1030,2033,17,0
1078,1030,2034,12,0
1079,1030,2035,29,0
1080,1030,2036,12,0
1081,1031,2001,14,0
1082,1031,2002,16,0
1083,1031,2003,22,0
1084,1031,2004,26,0
1085,1031,2005,19,0
1086,1031,2006,27,0
1087,1031,2007,27,0
1088,1031,2008,13,0
1089,1031,2009,12,0
1090,1031,2010,18,0
1091,1031,2011,19,0
1092,1031,2012,10,0
1093,1031,2013,23,0
1094,1031,2014,17,0
1095,1031,2015,28,0
1096,1031,2016,23,0
1097,1031,2017,17,0
1098,1031,2018,30,0
1099,1031,2019,20,0
1100,1031,2020,21,0
1101,1031,2021,20,0
1102,1031,2022,23,0
1103,1031,2023,22,0
1104,1031,2024,27,0
1105,1031,2025,30,0
1106,1031,2026,18,0
1107,1031,2027,14,0
1108,1031,2028,16,0
1109,1031,2029,28,0
1110,1031,2030,27,0
1111,1031,2031,21,0
1112,1031,2032,10,0
1113,1031,2033,23,0
1114,1031,2034,21,0
1115,1031,2035,24,0
1116,1031,2036,10,0
1117,1032,2001,11,0
1118,1032,2002,26,0
1119,1032,2003,12,0
1120,1032,2004,24,0
1121,1032,2005,26,0
1122,1032,2006,30,0
1123,1032,2007,22,0
1124,1032,2008,18,0
1125,1032,2009,29,0
1126,1032,2010,26,0
1127,1032,2011,20,0
1128,1032,2012,28,0
1129,1032,2013,21,0
1130,1032,2014,14,0
1131,1032,2015,20,0
1132,1032,2016,26,0
1133,1032,2017,10,0
1134,1032,2018,18,0
1135,1032,2019,24,0
1136,1032,2020,18,0
1137,1032,2021,11,0
1138,1032,2022,11,0
1139,1032,2023,19,0
1140,1032,2024,16,0
1141,1032,2025,28,0
1142,1032,2026,12,0
1143,1032,2027,13,0
1144,1032,2028,14,0
1145,1032,2029,25,0
1146,1032,2030,30,0
1147,1032,2031,24,0
1148,1032,2032,16,0
1149,1032,2033,30,0
1150,1032,2034,11,0
1151,1032,2035,14,0
1152,1032,2036,27,0
1153,1033,2001,19,0
1154,1033,2002,30,0
1155,1033,2003,26,0
1156,1033,2004,23,0
1157,1033,2005,17,0
1158,1033,2006,10,0
1159,1033,2007,20,0
1160,1033,2008,19,0
1161,1033,2009,28,0
1162,1033,2010,28,0
1163,1033,2011,25,0
1164,1033,2012,14,0
1165,1033,2013,29,0
1166,1033,2014,14,0
1167,1033,2015,27,0
1168,1033,2016,18,0
1169,1033,2017,29,0
1170,1033,2018,29,0
1171,1033,2019,28,0
1172,1033,2020,27,0
1173,1033,2021,10,0
1174,1033,2022,25,0
1175,1033,2023,14,0
1176,1033,2024,16,0
1177,1033,2025,28,0
1178,1033,2026,17,0
1179,1033,2027,11,0
1180,1033,2028,24,0
1181,1033,2029,17,0
1182,1033,2030,28,0
1183,1033,2031,27,0
1184,1033,2032,12,0
1185,1033,2033,18,0
1186,1033,2034,23,0
1187,1033,2035,18,0
1188,1033,2036,25,0
1189,1034,2001,12,0
1190,1034,2002,15,0
1191,1034,2003,21,0
1192,1034,2004,23,0
1193,1034,2005,19,0
1194,1034,2006,21,0
1195,1034,2007,22,0
1196,1034,2008,16,0
1197,1034,2009,11,0
1198,1034,2010,28,0
1199,1034,2011,20,0
1200,1034,2012,19,0
1201,1034,2013,16,0
1202,1034,2014,16,0
1203,1034,2015,25,0
1204,1034,2016,21,0
1205,1034,2017,26,0
1206,1034,2018,21,0
1207,1034,2019,17,0
1208,1034,2020,20,0
1209,1034,2021,24,0
1210,1034,2022,16,0
1211,1034,2023,23,0
1212,1034,2024,28,0
1213,1034,2025,13,0
1214,1034,2026,28,0
1215,1034,2027,19,0
1216,1034,2028,19,0
1217,1034,2029,28,0
1218,1034,2030,12,0
1219,1034,2031,14,0
1220,1034,2032,28,0
1221,1034,2033,18,0
1222,1034,2034,15,0
1223,1034,2035,11,0
1224,1034,2036,19,0
1225,1035,2001,10,0
1226,1035,2002,16,0
1227,1035,2003,27,0
1228,1035,2004,27,0
1229,1035,2005,29,0
1230,1035,2006,20,0
1231,1035,2007,24,0
1232,1035,2008,21,0
1233,1035,2009,18,0
1234,1035,2010,23,0
1235,1035,2011,19,0
1236,1035,2012,24,0
1237,1035,2013,14,0
1238,1035,2014,29,0
1239,1035,2015,26,0
1240,1035,2016,14,0
1241,1035,2017,28,0
1242,1035,2018,26,0
1243,1035,2019,21,0
1244,1035,2020,25,0
1245,1035,2021,27,0
1246,1035,2022,24,0
1247,1035,2023,26,0
1248,1035,2024,10,0
1249,1035,2025,18,0
1250,1035,2026,30,0
1251,1035,2027,17,0
1252,1035,2028,19,0
1253,1035,2029,15,0
1254,1035,2030,16,0
1255,1035,2031,21,0
1256,1035,2032,11,0
1257,1035,2033,21,0
1258,1035,2034,20,0
1259,1035,2035,12,0
1260,1035,2036,22,0
1261,1036,2001,26,0
1262,1036,2002,15,0
1263,1036,2003,11,0
1264,1036,2004,16,0
1265,1036,2005,27,0
1266,1036,2006,20,0
1267,1036,2007,20,0
1268,1036,2008,11,0
1269,1036,2009,15,0
1270,1036,2010,16,0
1271,1036,2011,28,0
1272,1036,2012,22,0
1273,1036,2013,15,0
1274,1036,2014,25,0
1275,1036,2015,25,0
1276,1036,2016,23,0
1277,1036,2017,13,0
1278,1036,2018,19,0
1279,1036,2019,17,0
1280,1036,2020,12,0
1281,1036,2021,28,0
1282,1036,2022,21,0
1283,1036,2023,24,0
1284,1036,2024,21,0
1285,1036,2025,11,0
1286,1036,2026,17,0
1287,1036,2027,22,0
1288,1036,2028,20,0
1289,1036,2029,16,0
1290,1036,2030,11,0
1291,1036,2031,12,0
1292,1036,2032,27,0
1293,1036,2033,26,0
1294,1036,2034,19,0
1295,1036,2035,23,0
1296,1036,2036,22,0
1297,1037,2001,20,0
1298,1037,2002,28,0
1299,1037,2003,13,0
1300,1037,2004,26,0
1301,1037,2005,16,0
1302,1037,2006,14,0
1303,1037,2007,29,0
1304,1037,2008,29,0
1305,1037,2009,17,0
1306,1037,2010,18,0
1307,1037,2011,19,0
1308,1037,2012,16,0
1309,1037,2013,25,0
1310,1037,2014,26,0
1311,1037,2015,27,0
1312,1037,2016,22,0
1313,1037,2017,24,0
1314,1037,2018,13,0
1315,1037,2019,25,0
1316,1037,2020,15,0
1317,1037,2021,10,0
1318,1037,2022,13,0
1319,1037,2023,12,0
1320,1037,2024,20,0
1321,1037,2025,16,0
1322,1037,2026,10,0
1323,1037,2027,14,0
1324,1037,2028,10,0
1325,1037,2029,21,0
1326,1037,2030,23,0
1327,1037,2031,17,0
1328,1037,2032,29,0
1329,1037,2033,19,0
1330,1037,2034,11,0
1331,1037,2035,11,0
1332,1037,2036,18,0
1333,1038,2001,14,0
1334,1038,2002,11,0
1335,1038,2003,15,0
1336,1038,2004,16,0
1337,1038,2005,30,0
1338,1038,2006,14,0
1339,1038,2007,17,0
1340,1038,2008,23,0
1341,1038,2009,16,0
1342,1038,2010,27,0
1343,1038,2011,10,0
1344,1038,2012,25,0
1345,1038,2013,10,0
1346,1038,2014,25,0
1347,1038,2015,14,0
1348,1038,2016,16,0
1349,1038,2017,23,0
1350,1038,2018,10,0
1351,1038,2019,16,0
1352,1038,2020,21,0
1353,1038,2021,24,0
1354,1038,2022,13,0
1355,1038,2023,24,0
1356,1038,2024,11,0
1357,1038,2025,22,0
1358,1038,2026,30,0
1359,1038,2027,19,0
1360,1038,2028,12,0
1361,1038,2029,29,0
1362,1038,2030,18,0
1363,1038,2031,15,0
1364,1038,2032,10,0
1365,1038,2033,21,0
1366,1038,2034,24,0
1367,1038,2035,18,0
1368,1038,2036,23,0
1369,1039,2001,16,0
1370,1039,2002,28,0
1371,1039,2003,25,0
1372,1039,2004,29,0
1373,1039,2005,19,0
1374,1039,2006,22,0
1375,1039,2007,12,0
1376,1039,2008,28,0
1377,1039,2009,19,0
1378,1039,2010,14,0
1379,1039,2011,26,0
1380,1039,2012,18,0
1381,1039,2013,12,0
1382,1039,2014,29,0
1383,1039,2015,12,0
1384,1039,2016,16,0
1385,1039,2017,26,0
1386,1039,2018,28,0
1387,1039,2019,10,0
1388,1039,2020,22,0
1389,1039,2021,20,0
1390,1039,2022,21,0
1391,1039,2023,14,0
1392,1039,2024,28,0
1393,1039,2025,27,0
1394,1039,2026,20,0
1395,1039,2027,25,0
1396,1039,2028,29,0
1397,1039,2029,20,0
1398,1039,2030,30,0
1399,1039,2031,30,0
1400,1039,2032,20,0
1401,1039,2033,10,0
1402,1039,2034,24,0
1403,1039,2035,11,0
1404,1039,2036,13,0
1405,1040,2001,18,0
1406,1040,2002,20,0
1407,1040,2003,12,0
1408,1040,2004,24,0
1409,1040,2005,15,0
1410,1040,2006,22,0
1411,1040,2007,28,0
1412,1040,2008,27,0
1413,1040,2009,18,0
1414,1040,2010,22,0
1415,1040,2011,21,0
1416,1040,2012,30,0
1417,1040,2013,29,0
1418,1040,2014,26,0
1419,1040,2015,28,0
1420,1040,2016,18,0
1421,1040,2017,23,0
1422,1040,2018,21,0
1423,1040,2019,14,0
1424,1040,2020,17,0
1425,1040,2021,29,0
1426,1040,2022,19,0
1427,1040,2023,23,0
1428,1040,2024,29,0
1429,1040,2025,22,0
1430,1040,2026,15,0
1431,1040,2027,18,0
1432,1040,2028,20,0
1433,1040,2029,28,0
1434,1040,2030,26,0
1435,1040,2031,20,0
1436,1040,2032,28,0
1437,1040,2033,10,0
1438,1040,2034,13,0
1439,1040,2035,19,0
1440,1040,2036,19,0
1441,1041,2001,26,0
1442,1041,2002,18,0
1443,1041,2003,13,0
1444,1041,2004,23,0
1445,1041,2005,28,0
1446,1041,2006,10,0
1447,1041,2007,26,0
1448,1041,2008,19,0
1449,1041,2009,25,0
1450,1041,2010,25,0
1451,1041,2011,24,0
1452,1041,2012,13,0
1453,1041,2013,13,0
1454,1041,2014,22,0
1455,1041,2015,13,0
1456,1041,2016,15,0
1457,1041,2017,25,0
1458,1041,2018,11,0
1459,1041,2019,19,0
1460,1041,2020,12,0
1461,1041,2021,16,0
1462,1041,2022,29,0
1463,1041,2023,10,0
1464,1041,2024,23,0
1465,1041,2025,15,0
1466,1041,2026,18,0
1467,1041,2027,24,0
1468,1041,2028,19,0
1469,1041,2029,18,0
1470,1041,2030,26,0
1471,1041,2031,29,0
1472,1041,2032,16,0
1473,1041,2033,11,0
1474,1041,2034,25,0
1475,1041,2035,13,0
1476,1041,2036,30,0
1477,1042,2001,23,0
1478,1042,2002,23,0
1479,1042,2003,24,0
1480,1042,2004,26,0
1481,1042,2005,28,0
1482,1042,2006,29,0
1483,1042,2007,30,0
1484,1042,2008,20,0
1485,1042,2009,26,0
1486,1042,2010,14,0
1487,1042,2011,22,0
1488,1042,2012,23,0
1489,1042,2013,30,0
1490,1042,2014,29,0
1491,1042,2015,21,0
1492,1042,2016,20,0
1493,1042,2017,23,0
1494,1042,2018,18,0
1495,1042,2019,16,0
1496,1042,2020,20,0
1497,1042,2021,30,0
1498,1042,2022,18,0
1499,1042,2023,12,0
1500,1042,2024,12,0
1501,1042,2025,11,0
1502,1042,2026,13,0
1503,1042,2027,21,0
1504,1042,2028,17,0
1505,1042,2029,21,0
1506,1042,2030,24,0
1507,1042,2031,14,0
1508,1042,2032,26,0
1509,1042,2033,22,0
1510,1042,2034,10,0
1511,1042,2035,26,0
1512,1042,2036,28,0
1513,1043,2001,24,0
1514,1043,2002,24,0
1515,1043,2003,24,0
1516,1043,2004,16,0
1517,1043,2005,24,0
1518,1043,2006,20,0
1519,1043,2007,28,0
1520,1043,2008,30,0
1521,1043,2009,17,0
1522,1043,2010,29,0
1523,1043,2011,23,0
1524,1043,2012,27,0
1525,1043,2013,27,0
1526,1043,2014,10,0
1527,1043,2015,20,0
1528,1043,2016,10,0
1529,1043,2017,11,0
1530,1043,2018,19,0
1531,1043,2019,19,0
1532,1043,2020,13,0
1533,1043,2021,17,0
1534,1043,2022,20,0
1535,1043,2023,17,0
1536,1043,2024,10,0
1537,1043,2025,15,0
1538,1043,2026,21,0
1539,1043,2027,11,0
1540,1043,2028,23,0
1541,1043,2029,27,0
1542,1043,2030,24,0
1543,1043,2031,26,0
1544,1043,2032,18,0
1545,1043,2033,28,0
1546,1043,2034,20,0
1547,1043,2035,19,0
1548,1043,2036,29,0
1549,1044,2001,16,0
1550,1044,2002,29,0
1551,1044,2003,28,0
1552,1044,2004,14,0
1553,1044,2005,22,0
1554,1044,2006,24,0
1555,1044,2007,11,0
1556,1044,2008,17,0
1557,1044,2009,30,0
1558,1044,2010,25,0
1559,1044,2011,26,0
1560,1044,2012,14,0
1561,1044,2013,24,0
1562,1044,2014,11,0
1563,1044,2015,27,0
1564,1044,2016,17,0
1565,1044,2017,15,0
1566,1044,2018,25,0
1567,1044,2019,27,0
1568,1044,2020,22,0
1569,1044,2021,13,0
1570,1044,2022,14,0
1571,1044,2023,18,0
1572,1044,2024,21,0
1573,1044,2025,11,0
1574,1044,2026,30,0
1575,1044,2027,28,0
1576,1044,2028,26,0
1577,1044,2029,13,0
1578,1044,2030,20,0
1579,1044,2031,14,0
1580,1044,2032,27,0
1581,1044,2033,17,0
1582,1044,2034,18,0
1583,1044,2035,30,0
1584,1044,2036,15,0
1585,1045,2001,15,0
1586,1045,2002,25,0
1587,1045,2003,27,0
1588,1045,2004,19,0
1589,1045,2005,20,0
1590,1045,2006,29,0
1591,1045,2007,26,0
1592,1045,2008,21,0
1593,1045,2009,15,0
1594,1045,2010,15,0
1595,1045,2011,17,0
1596,1045,2012,25,0
1597,1045,2013,25,0
1598,1045,2014,10,0
1599,1045,2015,15,0
1600,1045,2016,29,0
1601,1045,2017,17,0
1602,1045,2018,19,0
1603,1045,2019,30,0
1604,1045,2020,27,0
1605,1045,2021,27,0
1606,1045,2022,15,0
1607,1045,2023,23,0
1608,1045,2024,19,0
1609,1045,2025,15,0
1610,1045,2026,29,0
1611,1045,2027,19,0
1612,1045,2028,28,0
1613,1045,2029,12,0
1614,1045,2030,11,0
1615,1045,2031,10,0
1616,1045,2032,12,0
1617,1045,2033,25,0
1618,1045,2034,12,0
1619,1045,2035,24,0
1620,1045,2036,15,0
1621,1046,2001,17,0
1622,1046,2002,10,0
1623,1046,2003,13,0
1624,1046,2004,11,0
1625,1046,2005,18,0
1626,1046,2006,22,0
1627,1046,2007,13,0
1628,1046,2008,11,0
1629,1046,2009,27,0
1630,1046,2010,23,0
1631,1046,2011,19,0
1632,1046,2012,19,0
1633,1046,2013,16,0
1634,1046,2014,22,0
1635,1046,2015,18,0
1636,1046,2016,12,0
1637,1046,2017,24,0
1638,1046,2018,15,0
1639,1046,2019,17,0
1640,1046,2020,22,0
1641,1046,2021,18,0
1642,1046,2022,30,0
1643,1046,2023,23,0
1644,1046,2024,24,0
1645,1046,2025,10,0
1646,1046,2026,25,0
1647,1046,2027,22,0
1648,1046,2028,27,0
1649,1046,2029,14,0
1650,1046,2030,23,0
1651,1046,2031,21,0
1652,1046,2032,19,0
1653,1046,2033,10,0
1654,1046,2034,28,0
1655,1046,2035,23,0
1656,1046,2036,11,0
1657,1047,2001,29,0
1658,1047,2002,20,0
1659,1047,2003,18,0
1660,1047,2004,11,0
1661,1047,2005,25,0
1662,1047,2006,30,0
1663,1047,2007,11,0
1664,1047,2008,28,0
1665,1047,2009,13,0
1666,1047,2010,30,0
1667,1047,2011,20,0
1668,1047,2012,24,0
1669,1047,2013,23,0
1670,1047,2014,10,0
1671,1047,2015,13,0
1672,1047,2016,16,0
1673,1047,2017,17,0
1674,1047,2018,19,0
1675,1047,2019,23,0
1676,1047,2020,11,0
1677,1047,2021,22,0
1678,1047,2022,12,0
1679,1047,2023,16,0
1680,1047,2024,19,0
1681,1047,2025,17,0
1682,1047,2026,20,0
1683,1047,2027,20,0
1684,1047,2028,24,0
1685,1047,2029,24,0
1686,1047,2030,20,0
1687,1047,2031,26,0
1688,1047,2032,11,0
1689,1047,2033,26,0
1690,1047,2034,25,0
1691,1047,2035,28,0
1692,1047,2036,15,0
1693,1048,2001,18,0
1694,1048,2002,26,0
1695,1048,2003,11,0
1696,1048,2004,21,0
1697,1048,2005,27,0
1698,1048,2006,15,0
1699,1048,2007,10,0
1700,1048,2008,22,0
1701,1048,2009,11,0
1702,1048,2010,25,0
1703,1048,2011,15,0
1704,1048,2012,15,0
1705,1048,2013,12,0
1706,1048,2014,22,0
1707,1048,2015,26,0
1708,1048,2016,24,0
1709,1048,2017,28,0
1710,1048,2018,29,0
1711,1048,2019,18,0
1712,1048,2020,28,0
1713,1048,2021,10,0
1714,1048,2022,24,0
1715,1048,2023,16,0
1716,1048,2024,14,0
1717,1048,2025,26,0
1718,1048,2026,13,0
1719,1048,2027,20,0
1720,1048,2028,15,0
1721,1048,2029,10,0
1722,1048,2030,10,0
1723,1048,2031,20,0
1724,1048,2032,21,0
1725,1048,2033,12,0
1726,1048,2034,22,0
1727,1048,2035,10,0
1728,1048,2036,17,0
1729,1049,2001,14,0
1730,1049,2002,30,0
1731,1049,2003,26,0
1732,1049,2004,17,0
1733,1049,2005,22,0
1734,1049,2006,27,0
1735,1049,2007,13,0
1736,1049,2008,22,0
1737,1049,2009,28,0
1738,1049,2010,13,0
1739,1049,2011,11,0
1740,1049,2012,16,0
1741,1049,2013,27,0
1742,1049,2014,18,0
1743,1049,2015,11,0
1744,1049,2016,13,0
1745,1049,2017,22,0
1746,1049,2018,15,0
1747,1049,2019,28,0
1748,1049,2020,18,0
1749,1049,2021,19,0
1750,1049,2022,18,0
1751,1049,2023,17,0
1752,1049,2024,29,0
1753,1049,2025,20,0
1754,1049,2026,25,0
1755,1049,2027,20,0
1756,1049,2028,25,0
1757,1049,2029,11,0
1758,1049,2030,24,0
1759,1049,2031,30,0
1760,1049,2032,24,0
1761,1049,2033,27,0
1762,1049,2034,12,0
1763,1049,2035,17,0
1764,1049,2036,16,0
1765,1050,2001,12,0
1766,1050,2002,26,0
1767,1050,2003,30,0
1768,1050,2004,25,0
1769,1050,2005,13,0
1770,1050,2006,14,0
1771,1050,2007,29,0
1772,1050,2008,10,0
1773,1050,2009,11,0
1774,1050,2010,20,0
1775,1050,2011,14,0
1776,1050,2012,17,0
1777,1050,2013,12,0
1778,1050,2014,18,0
1779,1050,2015,22,0
1780,1050,2016,16,0
1781,1050,2017,14,0
1782,1050,2018,13,0
1783,1050,2019,13,0
1784,1050,2020,16,0
1785,1050,2021,22,0
1786,1050,2022,24,0
1787,1050,2023,24,0
1788,1050,2024,12,0
1789,1050,2025,25,0
1790,1050,2026,17,0
1791,1050,2027,23,0
1792,1050,2028,14,0
1793,1050,2029,18,0
1794,1050,2030,29,0
1795,1050,2031,16,0
1796,1050,2032,20,0
1797,1050,2033,29,0
1798,1050,2034,14,0
1799,1050,2035,15,0
1800,1050,2036,27,0
1801,3001,4001,19,0
1802,3002,4001,20,0
1803,3003,4001,30,0
1804,3004,4001,16,0
1805,3005,4001,24,0
1806,3006,4001,12,0
1807,3007,4001,28,0
1808,3008,4001,26,0
1809,3009,4001,14,0
1810,3010,4001,20,0
1811,3011,4001,30,0
1812,3012,4001,20,0
1813,3013,4001,22,0
1814,3014,4001,12,0
1815,3015,4001,20,0
1816,3016,4001,25,0
1817,3017,4001,23,0
1818,3018,4001,25,0
1819,3019,4001,15,0
1820,3020,4001,19,0
1821,3021,4001,15,0
1822,3022,4001,23,0
1823,3023,4001,16,0
1824,3024,4001,18,0
1825,3025,4001,19,0
1826,3026,4001,14,0
1827,3027,4001,16,0
1828,3028,4001,28,0
1829,3029,4001,17,0
1830,3030,4001,27,0
1831,3031,4001,24,0
1832,3032,4001,17,0
1833,3033,4001,24,0
1834,3034,4001,30,0
1835,3035,4001,24,0
1836,3036,4001,30,0
1837,3001,4002,13,0
1838,3002,4002,19,0
1839,3003,4002,21,0
1840,3004,4002,11,0
1841,3005,4002,19,0
1842,3006,4002,15,0
1843,3007,4002,23,0
1844,3008,4002,22,0
1845,3009,4002,22,0
1846,3010,4002,14,0
1847,3011,4002,11,0
1848,3012,4002,10,0
1849,3013,4002,23,0
1850,3014,4002,10,0
1851,3015,4002,30,0
1852,3016,4002,25,0
1853,3017,4002,13,0
1854,3018,4002,21,0
1855,3019,4002,12,0
1856,3020,4002,19,0
1857,3021,4002,19,0
1858,3022,4002,26,0
1859,3023,4002,22,0
1860,3024,4002,24,0
1861,3025,4002,24,0
1862,3026,4002,29,0
1863,3027,4002,26,0
1864,3028,4002,22,0
1865,3029,4002,29,0
1866,3030,4002,18,0
1867,3031,4002,23,0
1868,3032,4002,24,0
1869,3033,4002,19,0
1870,3034,4002,16,0
1871,3035,4002,26,0
1872,3036,4002,23,0
1873,3001,4003,17,0
1874,3002,4003,17,0
1875,3003,4003,25,0
1876,3004,4003,23,0
1877,3005,4003,26,0
1878,3006,4003,24,0
1879,3007,4003,19,0
1880,3008,4003,23,0
1881,3009,4003,18,0
1882,3010,4003,23,0
1883,3011,4003,25,0
1884,3012,4003,21,0
1885,3013,4003,12,0
1886,3014,4003,22,0
1887,3015,4003,17,0
1888,3016,4003,27,0
1889,3017,4003,28,0
1890,3018,4003,28,0
1891,3019,4003,19,0
1892,3020,4003,21,0
1893,3021,4003,12,0
1894,3022,4003,23,0
1895,3023,4003,28,0
1896,3024,4003,24,0
1897,3025,4003,22,0
1898,3026,4003,24,0
1899,3027,4003,17,0
1900,3028,4003,15,0
1901,3029,4003,22,0
1902,3030,4003,28,0
1903,3031,4003,10,0
1904,3032,4003,12,0
1905,3033,4003,17,0
1906,3034,4003,19,0
1907,3035,4003,21,0
1908,3036,4003,16,0
1909,3001,4004,15,0
1910,3002,4004,17,0
1911,3003,4004,22,0
1912,3004,4004,24,0
1913,3005,4004,22,0
1914,3006,4004,10,0
1915,3007,4004,10,0
1916,3008,4004,18,0
1917,3009,4004,24,0
1918,3010,4004,23,0
1919,3011,4004,15,0
1920,3012,4004,30,0
1921,3013,4004,26,0
1922,3014,4004,20,0
1923,3015,4004,27,0
1924,3016,4004,10,0
1925,3017,4004,26,0
1926,3018,4004,20,0
1927,3019,4004,21,0
1928,3020,4004,15,0
1929,3021,4004,22,0
1930,3022,4004,21,0
1931,3023,4004,12,0
1932,3024,4004,13,0
1933,3025,4004,22,0
1934,3026,4004,19,0
1935,3027,4004,23,0
1936,3028,4004,22,0
1937,3029,4004,11,0
1938,3030,4004,19,0
1939,3031,4004,20,0
1940,3032,4004,30,0
1941,3033,4004,10,0
1942,3034,4004,24,0
1943,3035,4004,21,0
1944,3036,4004,16,0
1945,3001,4005,20,0
1946,3002,4005,26,0
1947,3003,4005,13,0
1948,3004,4005,29,0
1949,3005,4005,19,0
1950,3006,4005,15,0
1951,3007,4005,14,0
1952,3008,4005,16,0
1953,3009,4005,25,0
1954,3010,4005,18,0
1955,3011,4005,28,0
1956,3012,4005,26,0
1957,3013,4005,28,0
1958,3014,4005,21,0
1959,3015,4005,21,0
1960,3016,4005,12,0
1961,3017,4005,20,0
1962,3018,4005,14,0
1963,3019,4005,21,0
1964,3020,4005,21,0
1965,3021,4005,23,0
1966,3022,4005,10,0
1967,3023,4005,21,0
1968,3024,4005,12,0
1969,3025,4005,13,0
1970,3026,4005,23,0
1971,3027,4005,10,0
1972,3028,4005,25,0
1973,3029,4005,13,0
1974,3030,4005,26,0
1975,3031,4005,14,0
1976,3032,4005,17,0
1977,3033,4005,22,0
1978,3034,4005,11,0
1979,3035,4005,20,0
1980,3036,4005,26,0
1981,3001,4006,17,0
1982,3002,4006,10,0
1983,3003,4006,10,0
1984,3004,4006,10,0
1985,3005,4006,11,0
1986,3006,4006,30,0
1987,3007,4006,21,0
1988,3008,4006,25,0
1989,3009,4006,19,0
1990,3010,4006,28,0
1991,3011,4006,12,0
1992,3012,4006,15,0
1993,3013,4006,15,0
1994,3014,4006,14,0
1995,3015,4006,26,0
1996,3016,4006,27,0
1997,3017,4006,18,0
1998,3018,4006,17,0
1999,3019,4006,30,0
2000,3020,4006,29,0
2001,3021,4006,15,0
2002,3022,4006,11,0
2003,3023,4006,10,0
2004,3024,4006,26,0
2005,3025,4006,27,0
2006,3026,4006,20,0
2007,3027,4006,18,0
2008,3028,4006,19,0
2009,3029,4006,16,0
2010,3030,4006,24,0
2011,3031,4006,26,0
2012,3032,4006,18,0
2013,3033,4006,29,0
2014,3034,4006,12,0
2015,3035,4006,11,0
2016,3036,4006,11,0
2017,3001,4007,17,0
2018,3002,4007,21,0
2019,3003,4007,13,0
2020,3004,4007,15,0
2021,3005,4007,16,0
2022,3006,4007,25,0
2023,3007,4007,28,0
2024,3008,4007,27,0
2025,3009,4007,16,0
2026,3010,4007,10,0
2027,3011,4007,21,0
2028,3012,4007,23,0
2029,3013,4007,22,0
2030,3014,4007,15,0
2031,3015,4007,22,0
2032,3016,4007,12,0
2033,3017,4007,20,0
2034,3018,4007,20,0
2035,3019,4007,28,0
2036,3020,4007,29,0
2037,3021,4007,14,0
2038,3022,4007,14,0
2039,3023,4007,17,0
2040,3024,4007,20,0
2041,3025,4007,18,0
2042,3026,4007,20,0
2043,3027,4007,21,0
2044,3028,4007,18,0
2045,3029,4007,22,0
2046,3030,4007,26,0
2047,3031,4007,25,0
2048,3032,4007,12,0
2049,3033,4007,15,0
2050,3034,4007,27,0
2051,3035,4007,20,0
2052,3036,4007,18,0
2053,3001,4008,20,0
2054,3002,4008,24,0
2055,3003,4008,10,0
2056,3004,4008,11,0
2057,3005,4008,19,0
2058,3006,4008,25,0
2059,3007,4008,17,0
2060,3008,4008,13,0
2061,3009,4008,23,0
2062,3010,4008,13,0
2063,3011,4008,14,0
2064,3012,4008,28,0
2065,3013,4008,11,0
2066,3014,4008,30,0
2067,3015,4008,29,0
2068,3016,4008,18,0
2069,3017,4008,26,0
2070,3018,4008,18,0
2071,3019,4008,18,0
2072,3020,4008,26,0
2073,3021,4008,22,0
2074,3022,4008,14,0
2075,3023,4008,12,0
2076,3024,4008,25,0
2077,3025,4008,18,0
2078,3026,4008,20,0
2079,3027,4008,20,0
2080,3028,4008,28,0
2081,3029,4008,12,0
2082,3030,4008,12,0
2083,3031,4008,20,0
2084,3032,4008,22,0
2085,3033,4008,15,0
2086,3034,4008,11,0
2087,3035,4008,30,0
2088,3036,4008,28,0
2089,3001,4009,13,0
2090,3002,4009,29,0
2091,3003,4009,26,0
2092,3004,4009,10,0
2093,3005,4009,14,0
2094,3006,4009,21,0
2095,3007,4009,12,0
2096,3008,4009,26,0
2097,3009,4009,10,0
2098,3010,4009,28,0
2099,3011,4009,14,0
2100,3012,4009,17,0
2101,3013,4009,26,0
2102,3014,4009,18,0
2103,3015,4009,24,0
2104,3016,4009,17,0
2105,3017,4009,30,0
2106,3018,4009,28,0
2107,3019,4009,25,0
2108,3020,4009,18,0
2109,3021,4009,18,0
2110,3022,4009,23,0
2111,3023,4009,22,0
2112,3024,4009,24,0
2113,3025,4009,23,0
2114,3026,4009,28,0
2115,3027,4009,12,0
2116,3028,4009,17,0
2117,3029,4009,14,0
2118,3030,4009,30,0
2119,3031,4009,24,0
2120,3032,4009,15,0
2121,3033,4009,11,0
2122,3034,4009,20,0
2123,3035,4009,16,0
2124,3036,4009,10,0
2125,3001,4010,22,0
2126,3002,4010,25,0
2127,3003,4010,29,0
2128,3004,4010,15,0
2129,3005,4010,10,0
2130,3006,4010,22,0
2131,3007,4010,20,0
2132,3008,4010,21,0
2133,3009,4010,22,0
2134,3010,4010,10,0
2135,3011,4010,13,0
2136,3012,4010,28,0
2137,3013,4010,20,0
2138,3014,4010,30,0
2139,3015,4010,16,0
2140,3016,4010,19,0
2141,3017,4010,24,0
2142,3018,4010,25,0
2143,3019,4010,16,0
2144,3020,4010,23,0
2145,3021,4010,25,0
2146,3022,4010,20,0
2147,3023,4010,27,0
2148,3024,4010,25,0
2149,3025,4010,15,0
2150,3026,4010,24,0
2151,3027,4010,23,0
2152,3028,4010,13,0
2153,3029,4010,23,0
2154,3030,4010,29,0
2155,3031,4010,24,0
2156,3032,4010,11,0
2157,3033,4010,22,0
2158,3034,4010,21,0
2159,3035,4010,13,0
2160,3036,4010,10,0
2161,3001,4011,23,0
2162,3002,4011,14,0
2163,3003,4011,19,0
2164,3004,4011,15,0
2165,3005,4011,18,0
2166,3006,4011,10,0
2167,3007,4011,17,0
2168,3008,4011,28,0
2169,3009,4011,19,0
2170,3010,4011,12,0
2171,3011,4011,10,0
2172,3012,4011,23,0
2173,3013,4011,20,0
2174,3014,4011,24,0
2175,3015,4011,11,0
2176,3016,4011,17,0
2177,3017,4011,29,0
2178,3018,4011,11,0
2179,3019,4011,17,0
2180,3020,4011,16,0
2181,3021,4011,20,0
2182,3022,4011,22,0
2183,3023,4011,14,0
2184,3024,4011,20,0
2185,3025,4011,14,0
2186,3026,4011,10,0
2187,3027,4011,19,0
2188,3028,4011,16,0
2189,3029,4011,14,0
2190,3030,4011,15,0
2191,3031,4011,26,0
2192,3032,4011,24,0
2193,3033,4011,25,0
2194,3034,4011,21,0
2195,3035,4011,26,0
2196,3036,4011,20,0
2197,3001,4012,27,0
2198,3002,4012,16,0
2199,3003,4012,19,0
2200,3004,4012,16,0
2201,3005,4012,16,0
2202,3006,4012,21,0
2203,3007,4012,19,0
2204,3008,4012,29,0
2205,3009,4012,26,0
2206,3010,4012,30,0
2207,3011,4012,29,0
2208,3012,4012,26,0
2209,3013,4012,22,0
2210,3014,4012,23,0
2211,3015,4012,14,0
2212,3016,4012,22,0
2213,3017,4012,12,0
2214,3018,4012,26,0
2215,3019,4012,24,0
2216,3020,4012,28,0
2217,3021,4012,18,0
2218,3022,4012,11,0
2219,3023,4012,27,0
2220,3024,4012,19,0
2221,3025,4012,10,0
2222,3026,4012,13,0
2223,3027,4012,24,0
2224,3028,4012,21,0
2225,3029,4012,21,0
2226,3030,4012,23,0
2227,3031,4012,20,0
2228,3032,4012,20,0
2229,3033,4012,23,0
2230,3034,4012,12,0
2231,3035,4012,20,0
2232,3036,4012,15,0
2233,3001,4013,21,0
2234,3002,4013,15,0
2235,3003,4013,14,0
2236,3004,4013,13,0
2237,3005,4013,12,0
2238,3006,4013,11,0
2239,3007,4013,20,0
2240,3008,4013,24,0
2241,3009,4013,14,0
2242,3010,4013,25,0
2243,3011,4013,16,0
2244,3012,4013,20,0
2245,3013,4013,20,0
2246,3014,4013,14,0
2247,3015,4013,22,0
2248,3016,4013,24,0
2249,3017,4013,21,0
2250,3018,4013,15,0
2251,3019,4013,17,0
2252,3020,4013,26,0
2253,3021,4013,29,0
2254,3022,4013,21,0
2255,3023,4013,20,0
2256,3024,4013,11,0
2257,3025,4013,20,0
2258,3026,4013,23,0
2259,3027,4013,25,0
2260,3028,4013,10,0
2261,3029,4013,28,0
2262,3030,4013,16,0
2263,3031,4013,30,0
2264,3032,4013,15,0
2265,3033,4013,29,0
2266,3034,4013,16,0
2267,3035,4013,26,0
2268,3036,4013,11,0
2269,3001,4014,30,0
2270,3002,4014,18,0
2271,3003,4014,19,0
2272,3004,4014,25,0
2273,3005,4014,22,0
2274,3006,4014,12,0
2275,3007,4014,26,0
2276,3008,4014,27,0
2277,3009,4014,27,0
2278,3010,4014,20,0
2279,3011,4014,26,0
2280,3012,4014,24,0
2281,3013,4014,16,0
2282,3014,4014,29,0
2283,3015,4014,16,0
2284,3016,4014,18,0
2285,3017,4014,13,0
2286,3018,4014,26,0
2287,3019,4014,25,0
2288,3020,4014,26,0
2289,3021,4014,14,0
2290,3022,4014,22,0
2291,3023,4014,20,0
2292,3024,4014,26,0
2293,3025,4014,14,0
2294,3026,4014,13,0
2295,3027,4014,18,0
2296,3028,4014,11,0
2297,3029,4014,13,0
2298,3030,4014,26,0
2299,3031,4014,21,0
2300,3032,4014,21,0
2301,3033,4014,16,0
2302,3034,4014,22,0
2303,3035,4014,12,0
2304,3036,4014,21,0
2305,3001,4015,26,0
2306,3002,4015,15,0
2307,3003,4015,24,0
2308,3004,4015,24,0
2309,3005,4015,10,0
2310,3006,4015,27,0
2311,3007,4015,30,0
2312,3008,4015,21,0
2313,3009,4015,17,0
2314,3010,4015,26,0
2315,3011,4015,29,0
2316,3012,4015,17,0
2317,3013,4015,24,0
2318,3014,4015,27,0
2319,3015,4015,20,0
2320,3016,4015,19,0
2321,3017,4015,15,0
2322,3018,4015,26,0
2323,3019,4015,15,0
2324,3020,4015,28,0
2325,3021,4015,26,0
2326,3022,4015,22,0
2327,3023,4015,26,0
2328,3024,4015,20,0
2329,3025,4015,21,0
2330,3026,4015,28,0
2331,3027,4015,15,0
2332,3028,4015,11,0
2333,3029,4015,15,0
2334,3030,4015,29,0
2335,3031,4015,14,0
2336,3032,4015,12,0
2337,3033,4015,26,0
2338,3034,4015,10,0
2339,3035,4015,27,0
2340,3036,4015,27,0
2341,3001,4016,21,0
2342,3002,4016,13,0
2343,3003,4016,25,0
2344,3004,4016,29,0
2345,3005,4016,24,0
2346,3006,4016,22,0
2347,3007,4016,10,0
2348,3008,4016,27,0
2349,3009,4016,30,0
2350,3010,4016,18,0
2351,3011,4016,12,0
2352,3012,4016,21,0
2353,3013,4016,22,0
2354,3014,4016,23,0
2355,3015,4016,29,0
2356,3016,4016,23,0
2357,3017,4016,21,0
2358,3018,4016,19,0
2359,3019,4016,19,0
2360,3020,4016,15,0
2361,3021,4016,16,0
2362,3022,4016,23,0
2363,3023,4016,22,0
2364,3024,4016,26,0
2365,3025,4016,15,0
2366,3026,4016,14,0
2367,3027,4016,26,0
2368,3028,4016,23,0
2369,3029,4016,12,0
2370,3030,4016,26,0
2371,3031,4016,29,0
2372,3032,4016,27,0
2373,3033,4016,20,0
2374,3034,4016,24,0
2375,3035,4016,21,0
2376,3036,4016,25,0
2377,3001,4017,26,0
2378,3002,4017,29,0
2379,3003,4017,25,0
2380,3004,4017,16,0
2381,3005,4017,28,0
2382,3006,4017,15,0
2383,3007,4017,19,0
2384,3008,4017,21,0
2385,3009,4017,21,0
2386,3010,4017,27,0
2387,3011,4017,13,0
2388,3012,4017,18,0
2389,3013,4017,22,0
2390,3014,4017,21,0
2391,3015,4017,24,0
2392,3016,4017,24,0
2393,3017,4017,16,0
2394,3018,4017,17,0
2395,3019,4017,21,0
2396,3020,4017,20,0
2397,3021,4017,20,0
2398,3022,4017,25,0
2399,3023,4017,13,0
2400,3024,4017,29,0
2401,3025,4017,28,0
2402,3026,4017,12,0
2403,3027,4017,21,0
2404,3028,4017,25,0
2405,3029,4017,27,0
2406,3030,4017,11,0
2407,3031,4017,21,0
2408,3032,4017,14,0
2409,3033,4017,14,0
2410,3034,4017,28,0
2411,3035,4017,27,0
2412,3036,4017,28,0
2413,3001,4018,13,0
2414,3002,4018,16,0
2415,3003,4018,30,0
2416,3004,4018,10,0
2417,3005,4018,16,0
2418,3006,4018,15,0
2419,3007,4018,27,0
2420,3008,4018,30,0
2421,3009,4018,14,0
2422,3010,4018,12,0
2423,3011,4018,29,0
2424,3012,4018,26,0
2425,3013,4018,15,0
2426,3014,4018,17,0
2427,3015,4018,21,0
2428,3016,4018,14,0
2429,3017,4018,14,0
2430,3018,4018,21,0
2431,3019,4018,23,0
2432,3020,4018,23,0
2433,3021,4018,14,0
2434,3022,4018,22,0
2435,3023,4018,13,0
2436,3024,4018,18,0
2437,3025,4018,15,0
2438,3026,4018,24,0
2439,3027,4018,14,0
2440,3028,4018,21,0
2441,3029,4018,28,0
2442,3030,4018,21,0
2443,3031,4018,30,0
2444,3032,4018,12,0
2445,3033,4018,19,0
2446,3034,4018,20,0
2447,3035,4018,18,0
2448,3036,4018,16,0
2449,3001,4019,16,0
2450,3002,4019,20,0
2451,3003,4019,26,0
2452,3004,4019,14,0
2453,3005,4019,30,0
2454,3006,4019,21,0
2455,3007,4019,14,0
2456,3008,4019,14,0
2457,3009,4019,24,0
2458,3010,4019,23,0
2459,3011,4019,18,0
2460,3012,4019,28,0
2461,3013,4019,19,0
2462,3014,4019,24,0
2463,3015,4019,23,0
2464,3016,4019,18,0
2465,3017,4019,30,0
2466,3018,4019,22,0
2467,3019,4019,19,0
2468,3020,4019,25,0
2469,3021,4019,15,0
2470,3022,4019,30,0
2471,3023,4019,23,0
2472,3024,4019,14,0
2473,3025,4019,15,0
2474,3026,4019,18,0
2475,3027,4019,15,0
2476,3028,4019,25,0
2477,3029,4019,11,0
2478,3030,4019,25,0
2479,3031,4019,27,0
2480,3032,4019,14,0
2481,3033,4019,29,0
2482,3034,4019,11,0
2483,3035,4019,28,0
2484,3036,4019,23,0
2485,3001,4020,23,0
2486,3002,4020,22,0
2487,3003,4020,27,0
2488,3004,4020,24,0
2489,3005,4020,11,0
2490,3006,4020,30,0
2491,3007,4020,26,0
2492,3008,4020,10,0
2493,3009,4020,16,0
2494,3010,4020,23,0
2495,3011,4020,26,0
2496,3012,4020,28,0
2497,3013,4020,22,0
2498,3014,4020,28,0
2499,3015,4020,27,0
2500,3016,4020,24,0
2501,3017,4020,30,0
2502,3018,4020,16,0
2503,3019,4020,20,0
2504,3020,4020,27,0
2505,3021,4020,11,0
2506,3022,4020,25,0
2507,3023,4020,23,0
2508,3024,4020,14,0
2509,3025,4020,22,0
2510,3026,4020,17,0
2511,3027,4020,13,0
2512,3028,4020,20,0
2513,3029,4020,19,0
2514,3030,4020,16,0
2515,3031,4020,14,0
2516,3032,4020,18,0
2517,3033,4020,15,0
2518,3034,4020,20,0
2519,3035,4020,27,0
2520,3036,4020,29,0
2521,3001,4021,16,0
2522,3002,4021,17,0
2523,3003,4021,26,0
2524,3004,4021,11,0
2525,3005,4021,18,0
2526,3006,4021,25,0
2527,3007,4021,26,0
2528,3008,4021,25,0
2529,3009,4021,30,0
2530,3010,4021,30,0
2531,3011,4021,23,0
2532,3012,4021,17,0
2533,3013,4021,16,0
2534,3014,4021,29,0
2535,3015,4021,17,0
2536,3016,4021,22,0
2537,3017,4021,11,0
2538,3018,4021,29,0
2539,3019,4021,28,0
2540,3020,4021,30,0
2541,3021,4021,26,0
2542,3022,4021,26,0
2543,3023,4021,15,0
2544,3024,4021,19,0
2545,3025,4021,13,0
2546,3026,4021,15,0
2547,3027,4021,19,0
2548,3028,4021,24,0
2549,3029,4021,21,0
2550,3030,4021,23,0
2551,3031,4021,12,0
2552,3032,4021,29,0
2553,3033,4021,27,0
2554,3034,4021,27,0
2555,3035,4021,26,0
2556,3036,4021,24,0
2557,3001,4022,10,0
2558,3002,4022,28,0
2559,3003,4022,13,0
2560,3004,4022,15,0
2561,3005,4022,30,0
2562,3006,4022,14,0
2563,3007,4022,30,0
2564,3008,4022,20,0
2565,3009,4022,22,0
2566,3010,4022,25,0
2567,3011,4022,11,0
2568,3012,4022,13,0
2569,3013,4022,17,0
2570,3014,4022,25,0
2571,3015,4022,28,0
2572,3016,4022,14,0
2573,3017,4022,14,0
2574,3018,4022,16,0
2575,3019,4022,16,0
2576,3020,4022,29,0
2577,3021,4022,23,0
2578,3022,4022,19,0
2579,3023,4022,23,0
2580,3024,4022,16,0
2581,3025,4022,28,0
2582,3026,4022,28,0
2583,3027,4022,15,0
2584,3028,4022,16,0
2585,3029,4022,25,0
2586,3030,4022,13,0
2587,3031,4022,17,0
2588,3032,4022,19,0
2589,3033,4022,23,0
2590,3034,4022,21,0
2591,3035,4022,17,0
2592,3036,4022,18,0
2593,3001,4023,20,0
2594,3002,4023,11,0
2595,3003,4023,11,0
2596,3004,4023,26,0
2597,3005,4023,28,0
2598,3006,4023,11,0
2599,3007,4023,16,0
2600,3008,4023,20,0
2601,3009,4023,23,0
2602,3010,4023,24,0
2603,3011,4023,22,0
2604,3012,4023,25,0
2605,3013,4023,20,0
2606,3014,4023,18,0
2607,3015,4023,28,0
2608,3016,4023,11,0
2609,3017,4023,23,0
2610,3018,4023,13,0
2611,3019,4023,30,0
2612,3020,4023,25,0
2613,3021,4023,28,0
2614,3022,4023,30,0
2615,3023,4023,25,0
2616,3024,4023,16,0
2617,3025,4023,26,0
2618,3026,4023,21,0
2619,3027,4023,10,0
2620,3028,4023,27,0
2621,3029,4023,28,0
2622,3030,4023,26,0
2623,3031,4023,15,0
2624,3032,4023,30,0
2625,3033,4023,27,0
2626,3034,4023,30,0
2627,3035,4023,30,0
2628,3036,4023,23,0
2629,3001,4024,25,0
2630,3002,4024,26,0
2631,3003,4024,28,0
2632,3004,4024,28,0
2633,3005,4024,24,0
2634,3006,4024,30,0
2635,3007,4024,28,0
2636,3008,4024,17,0
2637,3009,4024,16,0
2638,3010,4024,25,0
2639,3011,4024,26,0
2640,3012,4024,29,0
2641,3013,4024,20,0
2642,3014,4024,10,0
2643,3015,4024,16,0
2644,3016,4024,22,0
2645,3017,4024,15,0
2646,3018,4024,20,0
2647,3019,4024,24,0
2648,3020,4024,22,0
2649,3021,4024,28,0
2650,3022,4024,28,0
2651,3023,4024,30,0
2652,3024,4024,28,0
2653,3025,4024,26,0
2654,3026,4024,18,0
2655,3027,4024,15,0
2656,3028,4024,19,0
2657,3029,4024,26,0
2658,3030,4024,18,0
2659,3031,4024,10,0
2660,3032,4024,14,0
2661,3033,4024,15,0
2662,3034,4024,22,0
2663,3035,4024,11,0
2664,3036,4024,17,0
2665,3001,4025,26,0
2666,3002,4025,11,0
2667,3003,4025,11,0
2668,3004,4025,30,0
2669,3005,4025,12,0
2670,3006,4025,15,0
2671,3007,4025,23,0
2672,3008,4025,25,0
2673,3009,4025,11,0
2674,3010,4025,24,0
2675,3011,4025,17,0
2676,3012,4025,18,0
2677,3013,4025,14,0
2678,3014,4025,28,0
2679,3015,4025,15,0
2680,3016,4025,13,0
2681,3017,4025,19,0
2682,3018,4025,25,0
2683,3019,4025,16,0
2684,3020,4025,18,0
2685,3021,4025,26,0
2686,3022,4025,12,0
2687,3023,4025,16,0
2688,3024,4025,15,0
2689,3025,4025,25,0
2690,3026,4025,22,0
2691,3027,4025,12,0
2692,3028,4025,14,0
2693,3029,4025,30,0
2694,3030,4025,19,0
2695,3031,4025,20,0
2696,3032,4025,13,0
2697,3033,4025,11,0
2698,3034,4025,20,0
2699,3035,4025,12,0
2700,3036,4025,18,0
2701,3001,4026,26,0
2702,3002,4026,13,0
2703,3003,4026,25,0
2704,3004,4026,10,0
2705,3005,4026,25,0
2706,3006,4026,17,0
2707,3007,4026,14,0
2708,3008,4026,11,0
2709,3009,4026,16,0
2710,3010,4026,28,0
2711,3011,4026,30,0
2712,3012,4026,16,0
2713,3013,4026,28,0
2714,3014,4026,27,0
2715,3015,4026,11,0
2716,3016,4026,25,0
2717,3017,4026,24,0
2718,3018,4026,22,0
2719,3019,4026,29,0
2720,3020,4026,21,0
2721,3021,4026,26,0
2722,3022,4026,24,0
2723,3023,4026,30,0
2724,3024,4026,11,0
2725,3025,4026,27,0
2726,3026,4026,14,0
2727,3027,4026,16,0
2728,3028,4026,19,0
2729,3029,4026,13,0
2730,3030,4026,15,0
2731,3031,4026,13,0
2732,3032,4026,10,0
2733,3033,4026,22,0
2734,3034,4026,10,0
2735,3035,4026,15,0
2736,3036,4026,20,0
2737,3001,4027,22,0
2738,3002,4027,23,0
2739,3003,4027,23,0
2740,3004,4027,24,0
2741,3005,4027,12,0
2742,3006,4027,17,0
2743,3007,4027,22,0
2744,3008,4027,14,0
2745,3009,4027,22,0
2746,3010,4027,20,0
2747,3011,4027,15,0
2748,3012,4027,10,0
2749,3013,4027,23,0
2750,3014,4027,26,0
2751,3015,4027,12,0
2752,3016,4027,20,0
2753,3017,4027,26,0
2754,3018,4027,30,0
2755,3019,4027,22,0
2756,3020,4027,11,0
2757,3021,4027,28,0
2758,3022,4027,25,0
2759,3023,4027,19,0
2760,3024,4027,14,0
2761,3025,4027,13,0
2762,3026,4027,24,0
2763,3027,4027,24,0
2764,3028,4027,20,0
2765,3029,4027,17,0
2766,3030,4027,26,0
2767,3031,4027,13,0
2768,3032,4027,27,0
2769,3033,4027,25,0
2770,3034,4027,21,0
2771,3035,4027,11,0
2772,3036,4027,11,0
2773,3001,4028,29,0
2774,3002,4028,25,0
2775,3003,4028,17,0
2776,3004,4028,16,0
2777,3005,4028,15,0
2778,3006,4028,15,0
2779,3007,4028,21,0
2780,3008,4028,11,0
2781,3009,4028,28,0
2782,3010,4028,25,0
2783,3011,4028,13,0
2784,3012,4028,25,0
2785,3013,4028,25,0
2786,3014,4028,19,0
2787,3015,4028,15,0
2788,3016,4028,27,0
2789,3017,4028,13,0
2790,3018,4028,21,0
2791,3019,4028,17,0
2792,3020,4028,12,0
2793,3021,4028,13,0
2794,3022,4028,15,0
2795,3023,4028,22,0
2796,3024,4028,18,0
2797,3025,4028,15,0
2798,3026,4028,24,0
2799,3027,4028,20,0
2800,3028,4028,22,0
2801,3029,4028,15,0
2802,3030,4028,17,0
2803,3031,4028,18,0
2804,3032,4028,10,0
2805,3033,4028,29,0
2806,3034,4028,13,0
2807,3035,4028,10,0
2808,3036,4028,17,0
2809,3001,4029,20,0
2810,3002,4029,11,0
2811,3003,4029,24,0
2812,3004,4029,25,0
2813,3005,4029,11,0
2814,3006,4029,24,0
2815,3007,4029,17,0
2816,3008,4029,21,0
2817,3009,4029,16,0
2818,3010,4029,10,0
2819,3011,4029,18,0
2820,3012,4029,14,0
2821,3013,4029,14,0
2822,3014,4029,17,0
2823,3015,4029,14,0
2824,3016,4029,15,0
2825,3017,4029,13,0
2826,3018,4029,19,0
2827,3019,4029,25,0
2828,3020,4029,13,0
2829,3021,4029,28,0
2830,3022,4029,29,0
2831,3023,4029,29,0
2832,3024,4029,25,0
2833,3025,4029,26,0
2834,3026,4029,15,0
2835,3027,4029,13,0
2836,3028,4029,29,0
2837,3029,4029,13,0
2838,3030,4029,27,0
2839,3031,4029,15,0
2840,3032,4029,23,0
2841,3033,4029,13,0
2842,3034,4029,24,0
2843,3035,4029,20,0
2844,3036,4029,14,0
2845,3001,4030,20,0
2846,3002,4030,25,0
2847,3003,4030,23,0
2848,3004,4030,11,0
2849,3005,4030,27,0
2850,3006,4030,11,0
2851,3007,4030,24,0
2852,3008,4030,12,0
2853,3009,4030,17,0
2854,3010,4030,14,0
2855,3011,4030,16,0
2856,3012,4030,23,0
2857,3013,4030,25,0
2858,3014,4030,18,0
2859,3015,4030,29,0
2860,3016,4030,17,0
2861,3017,4030,19,0
2862,3018,4030,11,0
2863,3019,4030,14,0
2864,3020,4030,17,0
2865,3021,4030,20,0
2866,3022,4030,16,0
2867,3023,4030,30,0
2868,3024,4030,28,0
2869,3025,4030,20,0
2870,3026,4030,29,0
2871,3027,4030,14,0
2872,3028,4030,30,0
2873,3029,4030,13,0
2874,3030,4030,24,0
2875,3031,4030,21,0
2876,3032,4030,29,0
2877,3033,4030,22,0
2878,3034,4030,19,0
2879,3035,4030,15,0
2880,3036,4030,26,0
2881,3001,4031,21,0
2882,3002,4031,25,0
2883,3003,4031,18,0
2884,3004,4031,28,0
2885,3005,4031,25,0
2886,3006,4031,28,0
2887,3007,4031,23,0
2888,3008,4031,16,0
2889,3009,4031,24,0
2890,3010,4031,14,0
2891,3011,4031,17,0
2892,3012,4031,27,0
2893,3013,4031,26,0
2894,3014,4031,19,0
2895,3015,4031,18,0
2896,3016,4031,25,0
2897,3017,4031,28,0
2898,3018,4031,24,0
2899,3019,4031,15,0
2900,3020,4031,11,0
2901,3021,4031,24,0
2902,3022,4031,18,0
2903,3023,4031,11,0
2904,3024,4031,30,0
2905,3025,4031,18,0
2906,3026,4031,28,0
2907,3027,4031,26,0
2908,3028,4031,26,0
2909,3029,4031,17,0
2910,3030,4031,17,0
2911,3031,4031,15,0
2912,3032,4031,26,0
2913,3033,4031,23,0
2914,3034,4031,15,0
2915,3035,4031,15,0
2916,3036,4031,11,0
2917,3001,4032,22,0
2918,3002,4032,25,0
2919,3003,4032,30,0
2920,3004,4032,13,0
2921,3005,4032,21,0
2922,3006,4032,26,0
2923,3007,4032,10,0
2924,3008,4032,27,0
2925,3009,4032,17,0
2926,3010,4032,17,0
2927,3011,4032,11,0
2928,3012,4032,10,0
2929,3013,4032,10,0
2930,3014,4032,23,0
2931,3015,4032,10,0
2932,3016,4032,17,0
2933,3017,4032,22,0
2934,3018,4032,28,0
2935,3019,4032,13,0
2936,3020,4032,12,0
2937,3021,4032,26,0
2938,3022,4032,11,0
2939,3023,4032,10,0
2940,3024,4032,16,0
2941,3025,4032,10,0
2942,3026,4032,29,0
2943,3027,4032,25,0
2944,3028,4032,23,0
2945,3029,4032,25,0
2946,3030,4032,29,0
2947,3031,4032,21,0
2948,3032,4032,19,0
2949,3033,4032,27,0
2950,3034,4032,11,0
2951,3035,4032,16,0
2952,3036,4032,14,0
2953,3001,4033,25,0
2954,3002,4033,26,0
2955,3003,4033,11,0
2956,3004,4033,23,0
2957,3005,4033,17,0
2958,3006,4033,30,0
2959,3007,4033,13,0
2960,3008,4033,28,0
2961,3009,4033,14,0
2962,3010,4033,12,0
2963,3011,4033,14,0
2964,3012,4033,26,0
2965,3013,4033,20,0
2966,3014,4033,16,0
2967,3015,4033,17,0
2968,3016,4033,19,0
2969,3017,4033,20,0
2970,3018,4033,12,0
2971,3019,4033,15,0
2972,3020,4033,16,0
2973,3021,4033,28,0
2974,3022,4033,19,0
2975,3023,4033,19,0
2976,3024,4033,26,0
2977,3025,4033,24,0
2978,3026,4033,13,0
2979,3027,4033,10,0
2980,3028,4033,14,0
2981,3029,4033,18,0
2982,3030,4033,23,0
2983,3031,4033,26,0
2984,3032,4033,14,0
2985,3033,4033,20,0
2986,3034,4033,11,0
2987,3035,4033,22,0
2988,3036,4033,18,0
2989,3001,4034,18,0
2990,3002,4034,15,0
2991,3003,4034,27,0
2992,3004,4034,12,0
2993,3005,4034,15,0
2994,3006,4034,25,0
2995,3007,4034,25,0
2996,3008,4034,12,0
2997,3009,4034,21,0
2998,3010,4034,15,0
2999,3011,4034,28,0
3000,3012,4034,12,0
3001,3013,4034,25,0
3002,3014,4034,18,0
3003,3015,4034,11,0
3004,3016,4034,13,0
3005,3017,4034,21,0
3006,3018,4034,26,0
3007,3019,4034,18,0
3008,3020,4034,14,0
3009,3021,4034,21,0
3010,3022,4034,27,0
3011,3023,4034,19,0
3012,3024,4034,25,0
3013,3025,4034,20,0
3014,3026,4034,16,0
3015,3027,4034,20,0
3016,3028,4034,29,0
3017,3029,4034,21,0
3018,3030,4034,26,0
3019,3031,4034,25,0
3020,3032,4034,10,0
3021,3033,4034,25,0
3022,3034,4034,28,0
3023,3035,4034,14,0
3024,3036,4034,10,0
3025,3001,4035,16,0
3026,3002,4035,13,0
3027,3003,4035,24,0
3028,3004,4035,25,0
3029,3005,4035,18,0
3030,3006,4035,18,0
3031,3007,4035,25,0
3032,3008,4035,29,0
3033,3009,4035,23,0
3034,3010,4035,12,0
3035,3011,4035,12,0
3036,3012,4035,16,0
3037,3013,4035,26,0
3038,3014,4035,27,0
3039,3015,4035,10,0
3040,3016,4035,15,0
3041,3017,4035,25,0
3042,3018,4035,14,0
3043,3019,4035,23,0
3044,3020,4035,27,0
3045,3021,4035,25,0
3046,3022,4035,25,0
3047,3023,4035,23,0
3048,3024,4035,30,0
3049,3025,4035,16,0
3050,3026,4035,15,0
3051,3027,4035,24,0
3052,3028,4035,19,0
3053,3029,4035,20,0
3054,3030,4035,21,0
3055,3031,4035,21,0
3056,3032,4035,25,0
3057,3033,4035,11,0
3058,3034,4035,13,0
3059,3035,4035,28,0
3060,3036,4035,27,0
3061,3001,4036,16,0
3062,3002,4036,12,0
3063,3003,4036,21,0
3064,3004,4036,26,0
3065,3005,4036,30,0
3066,3006,4036,30,0
3067,3007,4036,29,0
3068,3008,4036,16,0
3069,3009,4036,19,0
3070,3010,4036,27,0
3071,3011,4036,13,0
3072,3012,4036,22,0
3073,3013,4036,22,0
3074,3014,4036,12,0
3075,3015,4036,10,0
3076,3016,4036,15,0
3077,3017,4036,13,0
3078,3018,4036,12,0
3079,3019,4036,21,0
3080,3020,4036,15,0
3081,3021,4036,28,0
3082,3022,4036,14,0
3083,3023,4036,22,0
3084,3024,4036,30,0
3085,3025,4036,10,0
3086,3026,4036,12,0
3087,3027,4036,23,0
3088,3028,4036,23,0
3089,3029,4036,21,0
3090,3030,4036,25,0
3091,3031,4036,16,0
3092,3032,4036,27,0
3093,3033,4036,14,0
3094,3034,4036,15,0
3095,3035,4036,17,0
3096,3036,4036,13,0
3097,3001,4037,21,0
3098,3002,4037,10,0
3099,3003,4037,16,0
3100,3004,4037,25,0
3101,3005,4037,20,0
3102,3006,4037,17,0
3103,3007,4037,11,0
3104,3008,4037,25,0
3105,3009,4037,23,0
3106,3010,4037,26,0
3107,3011,4037,12,0
3108,3012,4037,11,0
3109,3013,4037,30,0
3110,3014,4037,28,0
3111,3015,4037,30,0
3112,3016,4037,19,0
3113,3017,4037,13,0
3114,3018,4037,13,0
3115,3019,4037,19,0
3116,3020,4037,14,0
3117,3021,4037,15,0
3118,3022,4037,12,0
3119,3023,4037,27,0
3120,3024,4037,19,0
3121,3025,4037,15,0
3122,3026,4037,20,0
3123,3027,4037,26,0
3124,3028,4037,17,0
3125,3029,4037,20,0
3126,3030,4037,23,0
3127,3031,4037,29,0
3128,3032,4037,19,0
3129,3033,4037,10,0
3130,3034,4037,15,0
3131,3035,4037,27,0
3132,3036,4037,12,0
3133,3001,4038,11,0
3134,3002,4038,22,0
3135,3003,4038,11,0
3136,3004,4038,10,0
3137,3005,4038,15,0
3138,3006,4038,12,0
3139,3007,4038,23,0
3140,3008,4038,26,0
3141,3009,4038,30,0
3142,3010,4038,25,0
3143,3011,4038,28,0
3144,3012,4038,27,0
3145,3013,4038,11,0
3146,3014,4038,26,0
3147,3015,4038,12,0
3148,3016,4038,18,0
3149,3017,4038,12,0
3150,3018,4038,15,0
3151,3019,4038,25,0
3152,3020,4038,17,0
3153,3021,4038,26,0
3154,3022,4038,24,0
3155,3023,4038,30,0
3156,3024,4038,28,0
3157,3025,4038,24,0
3158,3026,4038,19,0
3159,3027,4038,14,0
3160,3028,4038,13,0
3161,3029,4038,30,0
3162,3030,4038,15,0
3163,3031,4038,12,0
3164,3032,4038,20,0
3165,3033,4038,12,0
3166,3034,4038,21,0
3167,3035,4038,17,0
3168,3036,4038,22,0
3169,3001,4039,12,0
3170,3002,4039,30,0
3171,3003,4039,18,0
3172,3004,4039,12,0
3173,3005,4039,25,0
3174,3006,4039,29,0
3175,3007,4039,30,0
3176,3008,4039,13,0
3177,3009,4039,26,0
3178,3010,4039,10,0
3179,3011,4039,27,0
3180,3012,4039,23,0
3181,3013,4039,21,0
3182,3014,4039,13,0
3183,3015,4039,25,0
3184,3016,4039,13,0
3185,3017,4039,28,0
3186,3018,4039,20,0
3187,3019,4039,14,0
3188,3020,4039,28,0
3189,3021,4039,22,0
3190,3022,4039,15,0
3191,3023,4039,27,0
3192,3024,4039,23,0
3193,3025,4039,27,0
3194,3026,4039,16,0
3195,3027,4039,22,0
3196,3028,4039,20,0
3197,3029,4039,24,0
3198,3030,4039,17,0
3199,3031,4039,11,0
3200,3032,4039,28,0
3201,3033,4039,17,0
3202,3034,4039,10,0
3203,3035,4039,13,0
3204,3036,4039,18,0
3205,3001,4040,19,0
3206,3002,4040,15,0
3207,3003,4040,25,0
3208,3004,4040,30,0
3209,3005,4040,22,0
3210,3006,4040,15,0
3211,3007,4040,17,0
3212,3008,4040,29,0
3213,3009,4040,10,0
3214,3010,4040,28,0
3215,3011,4040,10,0
3216,3012,4040,26,0
3217,3013,4040,25,0
3218,3014,4040,20,0
3219,3015,4040,16,0
3220,3016,4040,24,0
3221,3017,4040,21,0
3222,3018,4040,27,0
3223,3019,4040,12,0
3224,3020,4040,27,0
3225,3021,4040,25,0
3226,3022,4040,22,0
3227,3023,4040,25,0
3228,3024,4040,11,0
3229,3025,4040,12,0
3230,3026,4040,12,0
3231,3027,4040,19,0
3232,3028,4040,11,0
3233,3029,4040,11,0
3234,3030,4040,14,0
3235,3031,4040,23,0
3236,3032,4040,29,0
3237,3033,4040,11,0
3238,3034,4040,12,0
3239,3035,4040,10,0
3240,3036,4040,19,0
3241,3001,4041,13,0
3242,3002,4041,29,0
3243,3003,4041,11,0
3244,3004,4041,23,0
3245,3005,4041,14,0
3246,3006,4041,11,0
3247,3007,4041,22,0
3248,3008,4041,11,0
3249,3009,4041,20,0
3250,3010,4041,14,0
3251,3011,4041,12,0
3252,3012,4041,23,0
3253,3013,4041,22,0
3254,3014,4041,26,0
3255,3015,4041,23,0
3256,3016,4041,23,0
3257,3017,4041,24,0
3258,3018,4041,18,0
3259,3019,4041,17,0
3260,3020,4041,15,0
3261,3021,4041,15,0
3262,3022,4041,13,0
3263,3023,4041,11,0
3264,3024,4041,11,0
3265,3025,4041,24,0
3266,3026,4041,10,0
3267,3027,4041,25,0
3268,3028,4041,18,0
3269,3029,4041,16,0
3270,3030,4041,18,0
3271,3031,4041,17,0
3272,3032,4041,30,0
3273,3033,4041,29,0
3274,3034,4041,20,0
3275,3035,4041,23,0
3276,3036,4041,21,0
3277,3001,4042,29,0
3278,3002,4042,27,0
3279,3003,4042,24,0
3280,3004,4042,17,0
3281,3005,4042,22,0
3282,3006,4042,28,0
3283,3007,4042,30,0
3284,3008,4042,10,0
3285,3009,4042,16,0
3286,3010,4042,18,0
3287,3011,4042,15,0
3288,3012,4042,15,0
3289,3013,4042,18,0
3290,3014,4042,19,0
3291,3015,4042,17,0
3292,3016,4042,26,0
3293,3017,4042,20,0
3294,3018,4042,10,0
3295,3019,4042,11,0
3296,3020,4042,10,0
3297,3021,4042,12,0
3298,3022,4042,10,0
3299,3023,4042,15,0
3300,3024,4042,20,0
3301,3025,4042,21,0
3302,3026,4042,26,0
3303,3027,4042,18,0
3304,3028,4042,24,0
3305,3029,4042,22,0
3306,3030,4042,11,0
3307,3031,4042,25,0
3308,3032,4042,20,0
3309,3033,4042,18,0
3310,3034,4042,18,0
3311,3035,4042,25,0
3312,3036,4042,28,0
3313,3001,4043,12,0
3314,3002,4043,24,0
3315,3003,4043,16,0
3316,3004,4043,15,0
3317,3005,4043,21,0
3318,3006,4043,29,0
3319,3007,4043,27,0
3320,3008,4043,11,0
3321,3009,4043,13,0
3322,3010,4043,18,0
3323,3011,4043,24,0
3324,3012,4043,19,0
3325,3013,4043,17,0
3326,3014,4043,12,0
3327,3015,4043,14,0
3328,3016,4043,13,0
3329,3017,4043,23,0
3330,3018,4043,22,0
3331,3019,4043,19,0
3332,3020,4043,13,0
3333,3021,4043,16,0
3334,3022,4043,29,0
3335,3023,4043,29,0
3336,3024,4043,29,0
3337,3025,4043,24,0
3338,3026,4043,23,0
3339,3027,4043,25,0
3340,3028,4043,10,0
3341,3029,4043,28,0
3342,3030,4043,12,0
3343,3031,4043,23,0
3344,3032,4043,20,0
3345,3033,4043,20,0
3346,3034,4043,15,0
3347,3035,4043,28,0
3348,3036,4043,11,0
3349,3001,4044,15,0
3350,3002,4044,26,0
3351,3003,4044,18,0
3352,3004,4044,25,0
3353,3005,4044,10,0
3354,3006,4044,21,0
3355,3007,4044,20,0
3356,3008,4044,22,0
3357,3009,4044,22,0
3358,3010,4044,18,0
3359,3011,4044,18,0
3360,3012,4044,19,0
3361,3013,4044,12,0
3362,3014,4044,23,0
3363,3015,4044,27,0
3364,3016,4044,10,0
3365,3017,4044,25,0
3366,3018,4044,11,0
3367,3019,4044,30,0
3368,3020,4044,15,0
3369,3021,4044,12,0
3370,3022,4044,28,0
3371,3023,4044,14,0
3372,3024,4044,14,0
3373,3025,4044,21,0
3374,3026,4044,15,0
3375,3027,4044,10,0
3376,3028,4044,19,0
3377,3029,4044,18,0
3378,3030,4044,30,0
3379,3031,4044,25,0
3380,3032,4044,20,0
3381,3033,4044,23,0
3382,3034,4044,10,0
3383,3035,4044,16,0
3384,3036,4044,25,0
3385,3001,4045,30,0
3386,3002,4045,15,0
3387,3003,4045,23,0
3388,3004,4045,29,0
3389,3005,4045,30,0
3390,3006,4045,17,0
3391,3007,4045,29,0
3392,3008,4045,19,0
3393,3009,4045,21,0
3394,3010,4045,22,0
3395,3011,4045,13,0
3396,3012,4045,29,0
3397,3013,4045,11,0
3398,3014,4045,26,0
3399,3015,4045,13,0
3400,3016,4045,25,0
3401,3017,4045,16,0
3402,3018,4045,12,0
3403,3019,4045,24,0
3404,3020,4045,17,0
3405,3021,4045,12,0
3406,3022,4045,16,0
3407,3023,4045,22,0
3408,3024,4045,25,0
3409,3025,4045,18,0
3410,3026,4045,21,0
3411,3027,4045,11,0
3412,3028,4045,30,0
3413,3029,4045,15,0
3414,3030,4045,22,0
3415,3031,4045,24,0
3416,3032,4045,11,0
3417,3033,4045,14,0
3418,3034,4045,26,0
3419,3035,4045,15,0
3420,3036,4045,13,0
3421,3001,4046,12,0
3422,3002,4046,29,0
3423,3003,4046,13,0
3424,3004,4046,29,0
3425,3005,4046,12,0
3426,3006,4046,25,0
3427,3007,4046,12,0
3428,3008,4046,11,0
3429,3009,4046,26,0
3430,3010,4046,16,0
3431,3011,4046,28,0
3432,3012,4046,13,0
3433,3013,4046,20,0
3434,3014,4046,15,0
3435,3015,4046,27,0
3436,3016,4046,21,0
3437,3017,4046,15,0
3438,3018,4046,14,0
3439,3019,4046,15,0
3440,3020,4046,22,0
3441,3021,4046,18,0
3442,3022,4046,17,0
3443,3023,4046,12,0
3444,3024,4046,29,0
3445,3025,4046,12,0
3446,3026,4046,19,0
3447,3027,4046,23,0
3448,3028,4046,18,0
3449,3029,4046,28,0
3450,3030,4046,17,0
3451,3031,4046,18,0
3452,3032,4046,16,0
3453,3033,4046,27,0
3454,3034,4046,21,0
3455,3035,4046,10,0
3456,3036,4046,11,0
3457,3001,4047,20,0
3458,3002,4047,18,0
3459,3003,4047,23,0
3460,3004,4047,10,0
3461,3005,4047,11,0
3462,3006,4047,11,0
3463,3007,4047,29,0
3464,3008,4047,12,0
3465,3009,4047,13,0
3466,3010,4047,10,0
3467,3011,4047,19,0
3468,3012,4047,10,0
3469,3013,4047,26,0
3470,3014,4047,18,0
3471,3015,4047,14,0
3472,3016,4047,10,0
3473,3017,4047,19,0
3474,3018,4047,26,0
3475,3019,4047,10,0
3476,3020,4047,21,0
3477,3021,4047,29,0
3478,3022,4047,25,0
3479,3023,4047,20,0
3480,3024,4047,23,0
3481,3025,4047,10,0
3482,3026,4047,10,0
3483,3027,4047,11,0
3484,3028,4047,12,0
3485,3029,4047,24,0
3486,3030,4047,29,0
3487,3031,4047,21,0
3488,3032,4047,22,0
3489,3033,4047,19,0
3490,3034,4047,12,0
3491,3035,4047,18,0
3492,3036,4047,29,0
3493,3001,4048,22,0
3494,3002,4048,18,0
3495,3003,4048,24,0
3496,3004,4048,21,0
3497,3005,4048,20,0
3498,3006,4048,19,0
3499,3007,4048,18,0
3500,3008,4048,13,0
3501,3009,4048,19,0
3502,3010,4048,13,0
3503,3011,4048,15,0
3504,3012,4048,15,0
3505,3013,4048,29,0
3506,3014,4048,11,0
3507,3015,4048,24,0
3508,3016,4048,19,0
3509,3017,4048,19,0
3510,3018,4048,26,0
3511,3019,4048,15,0
3512,3020,4048,23,0
3513,3021,4048,17,0
3514,3022,4048,24,0
3515,3023,4048,19,0
3516,3024,4048,15,0
3517,3025,4048,18,0
3518,3026,4048,29,0
3519,3027,4048,19,0
3520,3028,4048,20,0
3521,3029,4048,23,0
3522,3030,4048,17,0
3523,3031,4048,29,0
3524,3032,4048,11,0
3525,3033,4048,14,0
3526,3034,4048,13,0
3527,3035,4048,16,0
3528,3036,4048,12,0
3529,3001,4049,29,0
3530,3002,4049,27,0
3531,3003,4049,29,0
3532,3004,4049,26,0
3533,3005,4049,18,0
3534,3006,4049,27,0
3535,3007,4049,18,0
3536,3008,4049,23,0
3537,3009,4049,30,0
3538,3010,4049,27,0
3539,3011,4049,22,0
3540,3012,4049,27,0
3541,3013,4049,23,0
3542,3014,4049,26,0
3543,3015,4049,15,0
3544,3016,4049,14,0
3545,3017,4049,14,0
3546,3018,4049,29,0
3547,3019,4049,13,0
3548,3020,4049,29,0
3549,3021,4049,27,0
3550,3022,4049,26,0
3551,3023,4049,26,0
3552,3024,4049,26,0
3553,3025,4049,17,0
3554,3026,4049,12,0
3555,3027,4049,12,0
3556,3028,4049,18,0
3557,3029,4049,29,0
3558,3030,4049,18,0
3559,3031,4049,30,0
3560,3032,4049,28,0
3561,3033,4049,10,0
3562,3034,4049,18,0
3563,3035,4049,19,0
3564,3036,4049,25,0
3565,3001,4050,23,0
3566,3002,4050,11,0
3567,3003,4050,22,0
3568,3004,4050,22,0
3569,3005,4050,24,0
3570,3006,4050,15,0
3571,3007,4050,24,0
3572,3008,4050,15,0
3573,3009,4050,16,0
3574,3010,4050,24,0
3575,3011,4050,12,0
3576,3012,4050,18,0
3577,3013,4050,26,0
3578,3014,4050,28,0
3579,3015,4050,11,0
3580,3016,4050,23,0
3581,3017,4050,20,0
3582,3018,4050,16,0
3583,3019,4050,28,0
3584,3020,4050,30,0
3585,3021,4050,17,0
3586,3022,4050,18,0
3587,3023,4050,22,0
3588,3024,4050,27,0
3589,3025,4050,28,0
3590,3026,4050,29,0
3591,3027,4050,11,0
3592,3028,4050,14,0
3593,3029,4050,30,0
3594,3030,4050,12,0
3595,3031,4050,20,0
3596,3032,4050,29,0
3597,3033,4050,16,0
3598,3034,4050,25,0
3599,3035,4050,17,0
3600,3036,4050,25,0
3601,2001,3001,0,0
3602,2001,3002,0,30
3603,2001,3003,0,60
3604,2001,3004,0,90
3605,2001,3005,0,120
3606,2001,3006,0,150
3607,2001,3007,0,30
3608,2001,3008,0,60
3609,2001,3009,0,90
3610,2001,3010,0,120
3611,2001,3011,0,150
3612,2001,3012,0,180
3613,2001,3013,0,60
3614,2001,3014,0,90
3615,2001,3015,0,120
3616,2001,3016,0,150
3617,2001,3017,0,180
3618,2001,3018,0,210
3619,2001,3019,0,90
3620,2001,3020,0,120
3621,2001,3021,0,150
3622,2001,3022,0,180
3623,2001,3023,0,210
3624,2001,3024,0,240
3625,2001,3025,0,120
3626,2001,3026,0,150
3627,2001,3027,0,180
3628,2001,3028,0,210
3629,2001,3029,0,240
3630,2001,3030,0,270
3631,2001,3031,0,150
3632,2001,3032,0,180
3633,2001,3033,0,210
3634,2001,3034,0,240
3635,2001,3035,0,270
3636,2001,3036,0,300
3637,2002,3001,0,30
3638,2002,3002,0,0
3639,2002,3003,0,30
3640,2002,3004,0,60
3641,2002,3005,0,90
3642,2002,3006,0,120
3643,2002,3007,0,60
3644,2002,3008,0,30
3645,2002,3009,0,60
3646,2002,3010,0,90
3647,2002,3011,0,120
3648,2002,3012,0,150
3649,2002,3013,0,90
3650,2002,3014,0,60
3651,2002,3015,0,90
3652,2002,3016,0,120
3653,2002,3017,0,150
3654,2002,3018,0,180
3655,2002,3019,0,120
3656,2002,3020,0,90
3657,2002,3021,0,120
3658,2002,3022,0,150
3659,2002,3023,0,180
3660,2002,3024,0,210
3661,2002,3025,0,150
3662,2002,3026,0,120
3663,2002,3027,0,150
3664,2002,3028,0,180
3665,2002,3029,0,210
3666,2002,3030,0,240
3667,2002,3031,0,180
3668,2002,3032,0,150
3669,2002,3033,0,180
3670,2002,3034,0,210
3671,2002,3035,0,240
3672,2002,3036,0,270
3673,2003,3001,0,60
3674,2003,3002,0,30
3675,2003,3003,0,0
3676,2003,3004,0,30
3677,2003,3005,0,60
3678,2003,3006,0,90
3679,2003,3007,0,90
3680,2003,3008,0,60
3681,2003,3009,0,30
3682,2003,3010,0,60
3683,2003,3011,0,90
3684,2003,3012,0,120
3685,2003,3013,0,120
3686,2003,3014,0,90
3687,2003,3015,0,60
3688,2003,3016,0,90
3689,2003,3017,0,120
3690,2003,3018,0,150
3691,2003,3019,0,150
3692,2003,3020,0,120
3693,2003,3021,0,90
3694,2003,3022,0,120
3695,2003,3023,0,150
3696,2003,3024,0,180
3697,2003,3025,0,180
3698,2003,3026,0,150
3699,2003,3027,0,120
3700,2003,3028,0,150
3701,2003,3029,0,180
3702,2003,3030,0,210
3703,2003,3031,0,210
3704,2003,3032,0,180
3705,2003,3033,0,150
3706,2003,3034,0,180
3707,2003,3035,0,210
3708,2003,3036,0,240
3709,2004,3001,0,90
3710,2004,3002,0,60
3711,2004,3003,0,30
3712,2004,3004,0,0
3713,2004,3005,0,30
3714,2004,3006,0,60
3715,2004,3007,0,120
3716,2004,3008,0,90
3717,2004,3009,0,60
3718,2004,3010,0,30
3719,2004,3011,0,60
3720,2004,3012,0,90
3721,2004,3013,0,150
3722,2004,3014,0,120
3723,2004,3015,0,90
3724,2004,3016,0,60
3725,2004,3017,0,90
3726,2004,3018,0,120
3727,2004,3019,0,180
3728,2004,3020,0,150
3729,2004,3021,0,120
3730,2004,3022,0,90
3731,2004,3023,0,120
3732,2004,3024,0,150
3733,2004,3025,0,210
3734,2004,3026,0,180
3735,2004,3027,0,150
3736,2004,3028,0,120
3737,2004,3029,0,150
3738,2004,3030,0,180
3739,2004,3031,0,240
3740,2004,3032,0,210
3741,2004,3033,0,180
3742,2004,3034,0,150
3743,2004,3035,0,180
3744,2004,3036,0,210
3745,2005,3001,0,120
3746,2005,3002,0,90
3747,2005,3003,0,60
3748,2005,3004,0,30
3749,2005,3005,0,0
3750,2005,3006,0,30
3751,2005,3007,0,150
3752,2005,3008,0,120
3753,2005,3009,0,90
3754,2005,3010,0,60
3755,2005,3011,0,30
3756,2005,3012,0,60
3757,2005,3013,0,180
3758,2005,3014,0,150
3759,2005,3015,0,120
3760,2005,3016,0,90
3761,2005,3017,0,60
3762,2005,3018,0,90
3763,2005,3019,0,210
3764,2005,3020,0,180
3765,2005,3021,0,150
3766,2005,3022,0,120
3767,2005,3023,0,90
3768,2005,3024,0,120
3769,2005,3025,0,240
3770,2005,3026,0,210
3771,2005,3027,0,180
3772,2005,3028,0,150
3773,2005,3029,0,120
3774,2005,3030,0,150
3775,2005,3031,0,270
3776,2005,3032,0,240
3777,2005,3033,0,210
3778,2005,3034,0,180
3779,2005,3035,0,150
3780,2005,3036,0,180
3781,2006,3001,0,150
3782,2006,3002,0,120
3783,2006,3003,0,90
3784,2006,3004,0,60
3785,2006,3005,0,30
3786,2006,3006,0,0
3787,2006,3007,0,180
3788,2006,3008,0,150
3789,2006,3009,0,120
3790,2006,3010,0,90
3791,2006,3011,0,60
3792,2006,3012,0,30
3793,2006,3013,0,210
3794,2006,3014,0,180
3795,2006,3015,0,150
3796,2006,3016,0,120
3797,2006,3017,0,90
3798,2006,3018,0,60
3799,2006,3019,0,240
3800,2006,3020,0,210
3801,2006,3021,0,180
3802,2006,3022,0,150
3803,2006,3023,0,120
3804,2006,3024,0,90
3805,2006,3025,0,270
3806,2006,3026,0,240
3807,2006,3027,0,210
3808,2006,3028,0,180
3809,2006,3029,0,150
3810,2006,3030,0,120
3811,2006,3031,0,300
3812,2006,3032,0,270
3813,2006,3033,0,240
3814,2006,3034,0,210
3815,2006,3035,0,180
3816,2006,3036,0,150
3817,2007,3001,0,30
3818,2007,3002,0,60
3819,2007,3003,0,90
3820,2007,3004,0,120
3821,2007,3005,0,150
3822,2007,3006,0,180
3823,2007,3007,0,0
3824,2007,3008,0,30
3825,2007,3009,0,60
3826,2007,3010,0,90
3827,2007,3011,0,120
3828,2007,3012,0,150
3829,2007,3013,0,30
3830,2007,3014,0,60
3831,2007,3015,0,90
3832,2007,3016,0,120
3833,2007,3017,0,150
3834,2007,3018,0,180
3835,2007,3019,0,60
3836,2007,3020,0,90
3837,2007,3021,0,120
3838,2007,3022,0,150
3839,2007,3023,0,180
3840,2007,3024,0,210
3841,2007,3025,0,90
3842,2007,3026,0,120
3843,2007,3027,0,150
3844,2007,3028,0,180
3845,2007,3029,0,210
3846,2007,3030,0,240
3847,2007,3031,0,120
3848,2007,3032,0,150
3849,2007,3033,0,180
3850,2007,3034,0,210
3851,2007,3035,0,240
3852,2007,3036,0,270
3853,2008,3001,0,60
3854,2008,3002,0,30
3855,2008,3003,0,60
3856,2008,3004,0,90
3857,2008,3005,0,120
3858,2008,3006,0,150
3859,2008,3007,0,30
3860,2008,3008,0,0
3861,2008,3009,0,30
3862,2008,3010,0,60
3863,2008,3011,0,90
3864,2008,3012,0,120
3865,2008,3013,0,60
3866,2008,3014,0,30
3867,2008,3015,0,60
3868,2008,3016,0,90
3869,2008,3017,0,120
3870,2008,3018,0,150
3871,2008,3019,0,90
3872,2008,3020,0,60
3873,2008,3021,0,90
3874,2008,3022,0,120
3875,2008,3023,0,150
3876,2008,3024,0,180
3877,2008,3025,0,120
3878,2008,3026,0,90
3879,2008,3027,0,120
3880,2008,3028,0,150
3881,2008,3029,0,180
3882,2008,3030,0,210
3883,2008,3031,0,150
3884,2008,3032,0,120
3885,2008,3033,0,150
3886,2008,3034,0,180
3887,2008,3035,0,210
3888,2008,3036,0,240
3889,2009,3001,0,90
3890,2009,3002,0,60
3891,2009,3003,0,30
3892,2009,3004,0,60
3893,2009,3005,0,90
3894,2009,3006,0,120
3895,2009,3007,0,60
3896,2009,3008,0,30
3897,2009,3009,0,0
3898,2009,3010,0,30
3899,2009,3011,0,60
3900,2009,3012,0,90
3901,2009,3013,0,90
3902,2009,3014,0,60
3903,2009,3015,0,30
3904,2009,3016,0,60
3905,2009,3017,0,90
3906,2009,3018,0,120
3907,2009,3019,0,120
3908,2009,3020,0,90
3909,2009,3021,0,60
3910,2009,3022,0,90
3911,2009,3023,0,120
3912,2009,3024,0,150
3913,2009,3025,0,150
3914,2009,3026,0,120
3915,2009,3027,0,90
3916,2009,3028,0,120
3917,2009,3029,0,150
3918,2009,3030,0,180
3919,2009,3031,0,180
3920,2009,3032,0,150
3921,2009,3033,0,120
3922,2009,3034,0,150
3923,2009,3035,0,180
3924,2009,3036,0,210
3925,2010,3001,0,120
3926,2010,3002,0,90
3927,2010,3003,0,60
3928,2010,3004,0,30
3929,2010,3005,0,60
3930,2010,3006,0,90
3931,2010,3007,0,90
3932,2010,3008,0,60
3933,2010,3009,0,30
3934,2010,3010,0,0
3935,2010,3011,0,30
3936,2010,3012,0,60
3937,2010,3013,0,120
3938,2010,3014,0,90
3939,2010,3015,0,60
3940,2010,3016,0,30
3941,2010,3017,0,60
3942,2010,3018,0,90
3943,2010,3019,0,150
3944,2010,3020,0,120
3945,2010,3021,0,90
3946,2010,3022,0,60
3947,2010,3023,0,90
3948,2010,3024,0,120
3949,2010,3025,0,180
3950,2010,3026,0,150
3951,2010,3027,0,120
3952,2010,3028,0,90
3953,2010,3029,0,120
3954,2010,3030,0,150
3955,2010,3031,0,210
3956,2010,3032,0,180
3957,2010,3033,0,150
3958,2010,3034,0,120
3959,2010,3035,0,150
3960,2010,3036,0,180
3961,2011,3001,0,150
3962,2011,3002,0,120
3963,2011,3003,0,90
3964,2011,3004,0,60
3965,2011,3005,0,30
3966,2011,3006,0,60
3967,2011,3007,0,120
3968,2011,3008,0,90
3969,2011,3009,0,60
3970,2011,3010,0,30
3971,2011,3011,0,0
3972,2011,3012,0,30
3973,2011,3013,0,150
3974,2011,3014,0,120
3975,2011,3015,0,90
3976,2011,3016,0,60
3977,2011,3017,0,30
3978,2011,3018,0,60
3979,2011,3019,0,180
3980,2011,3020,0,150
3981,2011,3021,0,120
3982,2011,3022,0,90
3983,2011,3023,0,60
3984,2011,3024,0,90
3985,2011,3025,0,210
3986,2011,3026,0,180
3987,2011,3027,0,150
3988,2011,3028,0,120
3989,2011,3029,0,90
3990,2011,3030,0,120
3991,2011,3031,0,240
3992,2011,3032,0,210
3993,2011,3033,0,180
3994,2011,3034,0,150
3995,2011,3035,0,120
3996,2011,3036,0,150
3997,2012,3001,0,180
3998,2012,3002,0,150
3999,2012,3003,0,120
4000,2012,3004,0,90
4001,2012,3005,0,60
4002,2012,3006,0,30
4003,2012,3007,0,150
4004,2012,3008,0,120
4005,2012,3009,0,90
4006,2012,3010,0,60
4007,2012,3011,0,30
4008,2012,3012,0,0
4009,2012,3013,0,180
4010,2012,3014,0,150
4011,2012,3015,0,120
4012,2012,3016,0,90
4013,2012,3017,0,60
4014,2012,3018,0,30
4015,2012,3019,0,210
4016,2012,3020,0,180
4017,2012,3021,0,150
4018,2012,3022,0,120
4019,2012,3023,0,90
4020,2012,3024,0,60
4021,2012,3025,0,240
4022,2012,3026,0,210
4023,2012,3027,0,180
4024,2012,3028,0,150
4025,2012,3029,0,120
4026,2012,3030,0,90
4027,2012,3031,0,270
4028,2012,3032,0,240
4029,2012,3033,0,210
4030,2012,3034,0,180
4031,2012,3035,0,150
4032,2012,3036,0,120
4033,2013,3001,0,60
4034,2013,3002,0,90
4035,2013,3003,0,120
4036,2013,3004,0,150
4037,2013,3005,0,180
4038,2013,3006,0,210
4039,2013,3007,0,30
4040,2013,3008,0,60
4041,2013,3009,0,90
4042,2013,3010,0,120
4043,2013,3011,0,150
4044,2013,3012,0,180
4045,2013,3013,0,0
4046,2013,3014,0,30
4047,2013,3015,0,60
4048,2013,3016,0,90
4049,2013,3017,0,120
4050,2013,3018,0,150
4051,2013,3019,0,30
4052,2013,3020,0,60
4053,2013,3021,0,90
4054,2013,3022,0,120
4055,2013,3023,0,150
4056,2013,3024,0,180
4057,2013,3025,0,60
4058,2013,3026,0,90
4059,2013,3027,0,120
4060,2013,3028,0,150
4061,2013,3029,0,180
4062,2013,3030,0,210
4063,2013,3031,0,90
4064,2013,3032,0,120
4065,2013,3033,0,150
4066,2013,3034,0,180
4067,2013,3035,0,210
4068,2013,3036,0,240
4069,2014,3001,0,90
4070,2014,3002,0,60
4071,2014,3003,0,90
4072,2014,3004,0,120
4073,2014,3005,0,150
4074,2014,3006,0,180
4075,2014,3007,0,60
4076,2014,3008,0,30
4077,2014,3009,0,60
4078,2014,3010,0,90
4079,2014,3011,0,120
4080,2014,3012,0,150
4081,2014,3013,0,30
4082,2014,3014,0,0
4083,2014,3015,0,30
4084,2014,3016,0,60
4085,2014,3017,0,90
4086,2014,3018,0,120
4087,2014,3019,0,60
4088,2014,3020,0,30
4089,2014,3021,0,60
4090,2014,3022,0,90
4091,2014,3023,0,120
4092,2014,3024,0,150
4093,2014,3025,0,90
4094,2014,3026,0,60
4095,2014,3027,0,90
4096,2014,3028,0,120
4097,2014,3029,0,150
4098,2014,3030,0,180
4099,2014,3031,0,120
4100,2014,3032,0,90
4101,2014,3033,0,120
4102,2014,3034,0,150
4103,2014,3035,0,180
4104,2014,3036,0,210
4105,2015,3001,0,120
4106,2015,3002,0,90
4107,2015,3003,0,60
4108,2015,3004,0,90
4109,2015,3005,0,120
4110,2015,3006,0,150
4111,2015,3007,0,90
4112,2015,3008,0,60
4113,2015,3009,0,30
4114,2015,3010,0,60
4115,2015,3011,0,90
4116,2015,3012,0,120
4117,2015,3013,0,60
4118,2015,3014,0,30
4119,2015,3015,0,0
4120,2015,3016,0,30
4121,2015,3017,0,60
4122,2015,3018,0,90
4123,2015,3019,0,90
4124,2015,3020,0,60
4125,2015,3021,0,30
4126,2015,3022,0,60
4127,2015,3023,0,90
4128,2015,3024,0,120
4129,2015,3025,0,120
4130,2015,3026,0,90
4131,2015,3027,0,60
4132,2015,3028,0,90
4133,2015,3029,0,120
4134,2015,3030,0,150
4135,2015,3031,0,150
4136,2015,3032,0,120
4137,2015,3033,0,90
4138,2015,3034,0,120
4139,2015,3035,0,150
4140,2015,3036,0,180
4141,2016,3001,0,150
4142,2016,3002,0,120
4143,2016,3003,0,90
4144,2016,3004,0,60
4145,2016,3005,0,90
4146,2016,3006,0,120
4147,2016,3007,0,120
4148,2016,3008,0,90
4149,2016,3009,0,60
4150,2016,3010,0,30
4151,2016,3011,0,60
4152,2016,3012,0,90
4153,2016,3013,0,90
4154,2016,3014,0,60
4155,2016,3015,0,30
4156,2016,3016,0,0
4157,2016,3017,0,30
4158,2016,3018,0,60
4159,2016,3019,0,120
4160,2016,3020,0,90
4161,2016,3021,0,60
4162,2016,3022,0,30
4163,2016,3023,0,60
4164,2016,3024,0,90
4165,2016,3025,0,150
4166,2016,3026,0,120
4167,2016,3027,0,90
4168,2016,3028,0,60
4169,2016,3029,0,90
4170,2016,3030,0,120
4171,2016,3031,0,180
4172,2016,3032,0,150
4173,2016,3033,0,120
4174,2016,3034,0,90
4175,2016,3035,0,120
4176,2016,3036,0,150
4177,2017,3001,0,180
4178,2017,3002,0,150
4179,2017,3003,0,120
4180,2017,3004,0,90
4181,2017,3005,0,60
4182,2017,3006,0,90
4183,2017,3007,0,150
4184,2017,3008,0,120
4185,2017,3009,0,90
4186,2017,3010,0,60
4187,2017,3011,0,30
4188,2017,3012,0,60
4189,2017,3013,0,120
4190,2017,3014,0,90
4191,2017,3015,0,60
4192,2017,3016,0,30
4193,2017,3017,0,0
4194,2017,3018,0,30
4195,2017,3019,0,150
4196,2017,3020,0,120
4197,2017,3021,0,90
4198,2017,3022,0,60
4199,2017,3023,0,30
4200,2017,3024,0,60
4201,2017,3025,0,180
4202,2017,3026,0,150
4203,2017,3027,0,120
4204,2017,3028,0,90
4205,2017,3029,0,60
4206,2017,3030,0,90
4207,2017,3031,0,210
4208,2017,3032,0,180
4209,2017,3033,0,150
4210,2017,3034,0,120
4211,2017,3035,0,90
4212,2017,3036,0,120
4213,2018,3001,0,210
4214,2018,3002,0,180
4215,2018,3003,0,150
4216,2018,3004,0,120
4217,2018,3005,0,90
4218,2018,3006,0,60
4219,2018,3007,0,180
4220,2018,3008,0,150
4221,2018,3009,0,120
4222,2018,3010,0,90
4223,2018,3011,0,60
4224,2018,3012,0,30
4225,2018,3013,0,150
4226,2018,3014,0,120
4227,2018,3015,0,90
4228,2018,3016,0,60
4229,2018,3017,0,30
4230,2018,3018,0,0
4231,2018,3019,0,180
4232,2018,3020,0,150
4233,2018,3021,0,120
4234,2018,3022,0,90
4235,2018,3023,0,60
4236,2018,3024,0,30
4237,2018,3025,0,210
4238,2018,3026,0,180
4239,2018,3027,0,150
4240,2018,3028,0,120
4241,2018,3029,0,90
4242,2018,3030,0,60
4243,2018,3031,0,240
4244,2018,3032,0,210
4245,2018,3033,0,180
4246,2018,3034,0,150
4247,2018,3035,0,120
4248,2018,3036,0,90
4249,2019,3001,0,90
4250,2019,3002,0,120
4251,2019,3003,0,150
4252,2019,3004,0,180
4253,2019,3005,0,210
4254,2019,3006,0,240
4255,2019,3007,0,60
4256,2019,3008,0,90
4257,2019,3009,0,120
4258,2019,3010,0,150
4259,2019,3011,0,180
4260,2019,3012,0,210
4261,2019,3013,0,30
4262,2019,3014,0,60
4263,2019,3015,0,90
4264,2019,3016,0,120
4265,2019,3017,0,150
4266,2019,3018,0,180
4267,2019,3019,0,0
4268,2019,3020,0,30
4269,2019,3021,0,60
4270,2019,3022,0,90
4271,2019,3023,0,120
4272,2019,3024,0,150
4273,2019,3025,0,30
4274,2019,3026,0,60
4275,2019,3027,0,90
4276,2019,3028,0,120
4277,2019,3029,0,150
4278,2019,3030,0,180
4279,2019,3031,0,60
4280,2019,3032,0,90
4281,2019,3033,0,120
4282,2019,3034,0,150
4283,2019,3035,0,180
4284,2019,3036,0,210
4285,2020,3001,0,120
4286,2020,3002,0,90
4287,2020,3003,0,120
4288,2020,3004,0,150
4289,2020,3005,0,180
4290,2020,3006,0,210
4291,2020,3007,0,90
4292,2020,3008,0,60
4293,2020,3009,0,90
4294,2020,3010,0,120
4295,2020,3011,0,150
4296,2020,3012,0,180
4297,2020,3013,0,60
4298,2020,3014,0,30
4299,2020,3015,0,60
4300,2020,3016,0,90
4301,2020,3017,0,120
4302,2020,3018,0,150
4303,2020,3019,0,30
4304,2020,3020,0,0
4305,2020,3021,0,30
4306,2020,3022,0,60
4307,2020,3023,0,90
4308,2020,3024,0,120
4309,2020,3025,0,60
4310,2020,3026,0,30
4311,2020,3027,0,60
4312,2020,3028,0,90
4313,2020,3029,0,120
4314,2020,3030,0,150
4315,2020,3031,0,90
4316,2020,3032,0,60
4317,2020,3033,0,90
4318,2020,3034,0,120
4319,2020,3035,0,150
4320,2020,3036,0,180
4321,2021,3001,0,150
4322,2021,3002,0,120
4323,2021,3003,0,90
4324,2021,3004,0,120
4325,2021,3005,0,150
4326,2021,3006,0,180
4327,2021,3007,0,120
4328,2021,3008,0,90
4329,2021,3009,0,60
4330,2021,3010,0,90
4331,2021,3011,0,120
4332,2021,3012,0,150
4333,2021,3013,0,90
4334,2021,3014,0,60
4335,2021,3015,0,30
4336,2021,3016,0,60
4337,2021,3017,0,90
4338,2021,3018,0,120
4339,2021,3019,0,60
4340,2021,3020,0,30
4341,2021,3021,0,0
4342,2021,3022,0,30
4343,2021,3023,0,60
4344,2021,3024,0,90
4345,2021,3025,0,90
4346,2021,3026,0,60
4347,2021,3027,0,30
4348,2021,3028,0,60
4349,2021,3029,0,90
4350,2021,3030,0,120
4351,2021,3031,0,120
4352,2021,3032,0,90
4353,2021,3033,0,60
4354,2021,3034,0,90
4355,2021,3035,0,120
4356,2021,3036,0,150
4357,2022,3001,0,180
4358,2022,3002,0,150
4359,2022,3003,0,120
4360,2022,3004,0,90
4361,2022,3005,0,120
4362,2022,3006,0,150
4363,2022,3007,0,150
4364,2022,3008,0,120
4365,2022,3009,0,90
4366,2022,3010,0,60
4367,2022,3011,0,90
4368,2022,3012,0,120
4369,2022,3013,0,120
4370,2022,3014,0,90
4371,2022,3015,0,60
4372,2022,3016,0,30
4373,2022,3017,0,60
4374,2022,3018,0,90
4375,2022,3019,0,90
4376,2022,3020,0,60
4377,2022,3021,0,30
4378,2022,3022,0,0
4379,2022,3023,0,30
4380,2022,3024,0,60
4381,2022,3025,0,120
4382,2022,3026,0,90
4383,2022,3027,0,60
4384,2022,3028,0,30
4385,2022,3029,0,60
4386,2022,3030,0,90
4387,2022,3031,0,150
4388,2022,3032,0,120
4389,2022,3033,0,90
4390,2022,3034,0,60
4391,2022,3035,0,90
4392,2022,3036,0,120
4393,2023,3001,0,210
4394,2023,3002,0,180
4395,2023,3003,0,150
4396,2023,3004,0,120
4397,2023,3005,0,90
4398,2023,3006,0,120
4399,2023,3007,0,180
4400,2023,3008,0,150
4401,2023,3009,0,120
4402,2023,3010,0,90
4403,2023,3011,0,60
4404,2023,3012,0,90
4405,2023,3013,0,150
4406,2023,3014,0,120
4407,2023,3015,0,90
4408,2023,3016,0,60
4409,2023,3017,0,30
4410,2023,3018,0,60
4411,2023,3019,0,120
4412,2023,3020,0,90
4413,2023,3021,0,60
4414,2023,3022,0,30
4415,2023,3023,0,0
4416,2023,3024,0,30
4417,2023,3025,0,150
4418,2023,3026,0,120
4419,2023,3027,0,90
4420,2023,3028,0,60
4421,2023,3029,0,30
4422,2023,3030,0,60
4423,2023,3031,0,180
4424,2023,3032,0,150
4425,2023,3033,0,120
4426,2023,3034,0,90
4427,2023,3035,0,60
4428,2023,3036,0,90
4429,2024,3001,0,240
4430,2024,3002,0,210
4431,2024,3003,0,180
4432,2024,3004,0,150
4433,2024,3005,0,120
4434,2024,3006,0,90
4435,2024,3007,0,210
4436,2024,3008,0,180
4437,2024,3009,0,150
4438,2024,3010,0,120
4439,2024,3011,0,90
4440,2024,3012,0,60
4441,2024,3013,0,180
4442,2024,3014,0,150
4443,2024,3015,0,120
4444,2024,3016,0,90
4445,2024,3017,0,60
4446,2024,3018,0,30
4447,2024,3019,0,150
4448,2024,3020,0,120
4449,2024,3021,0,90
4450,2024,3022,0,60
4451,2024,3023,0,30
4452,2024,3024,0,0
4453,2024,3025,0,180
4454,2024,3026,0,150
4455,2024,3027,0,120
4456,2024,3028,0,90
4457,2024,3029,0,60
4458,2024,3030,0,30
4459,2024,3031,0,210
4460,2024,3032,0,180
4461,2024,3033,0,150
4462,2024,3034,0,120
4463,2024,3035,0,90
4464,2024,3036,0,60
4465,2025,3001,0,120
4466,2025,3002,0,150
4467,2025,3003,0,180
4468,2025,3004,0,210
4469,2025,3005,0,240
4470,2025,3006,0,270
4471,2025,3007,0,90
4472,2025,3008,0,120
4473,2025,3009,0,150
4474,2025,3010,0,180
4475,2025,3011,0,210
4476,2025,3012,0,240
4477,2025,3013,0,60
4478,2025,3014,0,90
4479,2025,3015,0,120
4480,2025,3016,0,150
4481,2025,3017,0,180
4482,2025,3018,0,210
4483,2025,3019,0,30
4484,2025,3020,0,60
4485,2025,3021,0,90
4486,2025,3022,0,120
4487,2025,3023,0,150
4488,2025,3024,0,180
4489,2025,3025,0,0
4490,2025,3026,0,30
4491,2025,3027,0,60
4492,2025,3028,0,90
4493,2025,3029,0,120
4494,2025,3030,0,150
4495,2025,3031,0,30
4496,2025,3032,0,60
4497,2025,3033,0,90
4498,2025,3034,0,120
4499,2025,3035,0,150
4500,2025,3036,0,180
4501,2026,3001,0,150
4502,2026,3002,0,120
4503,2026,3003,0,150
4504,2026,3004,0,180
4505,2026,3005,0,210
4506,2026,3006,0,240
4507,2026,3007,0,120
4508,2026,3008,0,90
4509,2026,3009,0,120
4510,2026,3010,0,150
4511,2026,3011,0,180
4512,2026,3012,0,210
4513,2026,3013,0,90
4514,2026,3014,0,60
4515,2026,3015,0,90
4516,2026,3016,0,120
4517,2026,3017,0,150
4518,2026,3018,0,180
4519,2026,3019,0,60
4520,2026,3020,0,30
4521,2026,3021,0,60
4522,2026,3022,0,90
4523,2026,3023,0,120
4524,2026,3024,0,150
4525,2026,3025,0,30
4526,2026,3026,0,0
4527,2026,3027,0,30
4528,2026,3028,0,60
4529,2026,3029,0,90
4530,2026,3030,0,120
4531,2026,3031,0,60
4532,2026,3032,0,30
4533,2026,3033,0,60
4534,2026,3034,0,90
4535,2026,3035,0,120
4536,2026,3036,0,150
4537,2027,3001,0,180
4538,2027,3002,0,150
4539,2027,3003,0,120
4540,2027,3004,0,150
4541,2027,3005,0,180
4542,2027,3006,0,210
4543,2027,3007,0,150
4544,2027,3008,0,120
4545,2027,3009,0,90
4546,2027,3010,0,120
4547,2027,3011,0,150
4548,2027,3012,0,180
4549,2027,3013,0,120
4550,2027,3014,0,90
4551,2027,3015,0,60
4552,2027,3016,0,90
4553,2027,3017,0,120
4554,2027,3018,0,150
4555,2027,3019,0,90
4556,2027,3020,0,60
4557,2027,3021,0,30
4558,2027,3022,0,60
4559,2027,3023,0,90
4560,2027,3024,0,120
4561,2027,3025,0,60
4562,2027,3026,0,30
4563,2027,3027,0,0
4564,2027,3028,0,30
4565,2027,3029,0,60
4566,2027,3030,0,90
4567,2027,3031,0,90
4568,2027,3032,0,60
4569,2027,3033,0,30
4570,2027,3034,0,60
4571,2027,3035,0,90
4572,2027,3036,0,120
4573,2028,3001,0,210
4574,2028,3002,0,180
4575,2028,3003,0,150
4576,2028,3004,0,120
4577,2028,3005,0,150
4578,2028,3006,0,180
4579,2028,3007,0,180
4580,2028,3008,0,150
4581,2028,3009,0,120
4582,2028,3010,0,90
4583,2028,3011,0,120
4584,2028,3012,0,150
4585,2028,3013,0,150
4586,2028,3014,0,120
4587,2028,3015,0,90
4588,2028,3016,0,60
4589,2028,3017,0,90
4590,2028,3018,0,120
4591,2028,3019,0,120
4592,2028,3020,0,90
4593,2028,3021,0,60
4594,2028,3022,0,30
4595,2028,3023,0,60
4596,2028,3024,0,90
4597,2028,3025,0,90
4598,2028,3026,0,60
4599,2028,3027,0,30
4600,2028,3028,0,0
4601,2028,3029,0,30
4602,2028,3030,0,60
4603,2028,3031,0,120
4604,2028,3032,0,90
4605,2028,3033,0,60
4606,2028,3034,0,30
4607,2028,3035,0,60
4608,2028,3036,0,90
4609,2029,3001,0,240
4610,2029,3002,0,210
4611,2029,3003,0,180
4612,2029,3004,0,150
4613,2029,3005,0,120
4614,2029,3006,0,150
4615,2029,3007,0,210
4616,2029,3008,0,180
4617,2029,3009,0,150
4618,2029,3010,0,120
4619,2029,3011,0,90
4620,2029,3012,0,120
4621,2029,3013,0,180
4622,2029,3014,0,150
4623,2029,3015,0,120
4624,2029,3016,0,90
4625,2029,3017,0,60
4626,2029,3018,0,90
4627,2029,3019,0,150
4628,2029,3020,0,120
4629,2029,3021,0,90
4630,2029,3022,0,60
4631,2029,3023,0,30
4632,2029,3024,0,60
4633,2029,3025,0,120
4634,2029,3026,0,90
4635,2029,3027,0,60
4636,2029,3028,0,30
4637,2029,3029,0,0
4638,2029,3030,0,30
4639,2029,3031,0,150
4640,2029,3032,0,120
4641,2029,3033,0,90
4642,2029,3034,0,60
4643,2029,3035,0,30
4644,2029,3036,0,60
4645,2030,3001,0,270
4646,2030,3002,0,240
4647,2030,3003,0,210
4648,2030,3004,0,180
4649,2030,3005,0,150
4650,2030,3006,0,120
4651,2030,3007,0,240
4652,2030,3008,0,210
4653,2030,3009,0,180
4654,2030,3010,0,150
4655,2030,3011,0,120
4656,2030,3012,0,90
4657,2030,3013,0,210
4658,2030,3014,0,180
4659,2030,3015,0,150
4660,2030,3016,0,120
4661,2030,3017,0,90
4662,2030,3018,0,60
4663,2030,3019,0,180
4664,2030,3020,0,150
4665,2030,3021,0,120
4666,2030,3022,0,90
4667,2030,3023,0,60
4668,2030,3024,0,30
4669,2030,3025,0,150
4670,2030,3026,0,120
4671,2030,3027,0,90
4672,2030,3028,0,60
4673,2030,3029,0,30
4674,2030,3030,0,0
4675,2030,3031,0,180
4676,2030,3032,0,150
4677,2030,3033,0,120
4678,2030,3034,0,90
4679,2030,3035,0,60
4680,2030,3036,0,30
4681,2031,3001,0,150
4682,2031,3002,0,180
4683,2031,3003,0,210
4684,2031,3004,0,240
4685,2031,3005,0,270
4686,2031,3006,0,300
4687,2031,3007,0,120
4688,2031,3008,0,150
4689,2031,3009,0,180
4690,2031,3010,0,210
4691,2031,3011,0,240
4692,2031,3012,0,270
4693,2031,3013,0,90
4694,2031,3014,0,120
4695,2031,3015,0,150
4696,2031,3016,0,180
4697,2031,3017,0,210
4698,2031,3018,0,240
4699,2031,3019,0,60
4700,2031,3020,0,90
4701,2031,3021,0,120
4702,2031,3022,0,150
4703,2031,3023,0,180
4704,2031,3024,0,210
4705,2031,3025,0,30
4706,2031,3026,0,60
4707,2031,3027,0,90
4708,2031,3028,0,120
4709,2031,3029,0,150
4710,2031,3030,0,180
4711,2031,3031,0,0
4712,2031,3032,0,30
4713,2031,3033,0,60
4714,2031,3034,0,90
4715,2031,3035,0,120
4716,2031,3036,0,150
4717,2032,3001,0,180
4718,2032,3002,0,150
4719,2032,3003,0,180
4720,2032,3004,0,210
4721,2032,3005,0,240
4722,2032,3006,0,270
4723,2032,3007,0,150
4724,2032,3008,0,120
4725,2032,3009,0,150
4726,2032,3010,0,180
4727,2032,3011,0,210
4728,2032,3012,0,240
4729,2032,3013,0,120
4730,2032,3014,0,90
4731,2032,3015,0,120
4732,2032,3016,0,150
4733,2032,3017,0,180
4734,2032,3018,0,210
4735,2032,3019,0,90
4736,2032,3020,0,60
4737,2032,3021,0,90
4738,2032,3022,0,120
4739,2032,3023,0,150
4740,2032,3024,0,180
4741,2032,3025,0,60
4742,2032,3026,0,30
4743,2032,3027,0,60
4744,2032,3028,0,90
4745,2032,3029,0,120
4746,2032,3030,0,150
4747,2032,3031,0,30
4748,2032,3032,0,0
4749,2032,3033,0,30
4750,2032,3034,0,60
4751,2032,3035,0,90
4752,2032,3036,0,120
4753,2033,3001,0,210
4754,2033,3002,0,180
4755,2033,3003,0,150
4756,2033,3004,0,180
4757,2033,3005,0,210
4758,2033,3006,0,240
4759,2033,3007,0,180
4760,2033,3008,0,150
4761,2033,3009,0,120
4762,2033,3010,0,150
4763,2033,3011,0,180
4764,2033,3012,0,210
4765,2033,3013,0,150
4766,2033,3014,0,120
4767,2033,3015,0,90
4768,2033,3016,0,120
4769,2033,3017,0,150
4770,2033,3018,0,180
4771,2033,3019,0,120
4772,2033,3020,0,90
4773,2033,3021,0,60
4774,2033,3022,0,90
4775,2033,3023,0,120
4776,2033,3024,0,150
4777,2033,3025,0,90
4778,2033,3026,0,60
4779,2033,3027,0,30
4780,2033,3028,0,60
4781,2033,3029,0,90
4782,2033,3030,0,120
4783,2033,3031,0,60
4784,2033,3032,0,30
4785,2033,3033,0,0
4786,2033,3034,0,30
4787,2033,3035,0,60
4788,2033,3036,0,90
4789,2034,3001,0,240
4790,2034,3002,0,210
4791,2034,3003,0,180
4792,2034,3004,0,150
4793,2034,3005,0,180
4794,2034,3006,0,210
4795,2034,3007,0,210
4796,2034,3008,0,180
4797,2034,3009,0,150
4798,2034,3010,0,120
4799,2034,3011,0,150
4800,2034,3012,0,180
4801,2034,3013,0,180
4802,2034,3014,0,150
4803,2034,3015,0,120
4804,2034,3016,0,90
4805,2034,3017,0,120
4806,2034,3018,0,150
4807,2034,3019,0,150
4808,2034,3020,0,120
4809,2034,3021,0,90
4810,2034,3022,0,60
4811,2034,3023,0,90
4812,2034,3024,0,120
4813,2034,3025,0,120
4814,2034,3026,0,90
4815,2034,3027,0,60
4816,2034,3028,0,30
4817,2034,3029,0,60
4818,2034,3030,0,90
4819,2034,3031,0,90
4820,2034,3032,0,60
4821,2034,3033,0,30
4822,2034,3034,0,0
4823,2034,3035,0,30
4824,2034,3036,0,60
4825,2035,3001,0,270
4826,2035,3002,0,240
4827,2035,3003,0,210
4828,2035,3004,0,180
4829,2035,3005,0,150
4830,2035,3006,0,180
4831,2035,3007,0,240
4832,2035,3008,0,210
4833,2035,3009,0,180
4834,2035,3010,0,150
4835,2035,3011,0,120
4836,2035,3012,0,150
4837,2035,3013,0,210
4838,2035,3014,0,180
4839,2035,3015,0,150
4840,2035,3016,0,120
4841,2035,3017,0,90
4842,2035,3018,0,120
4843,2035,3019,0,180
4844,2035,3020,0,150
4845,2035,3021,0,120
4846,2035,3022,0,90
4847,2035,3023,0,60
4848,2035,3024,0,90
4849,2035,3025,0,150
4850,2035,3026,0,120
4851,2035,3027,0,90
4852,2035,3028,0,60
4853,2035,3029,0,30
4854,2035,3030,0,60
4855,2035,3031,0,120
4856,2035,3032,0,90
4857,2035,3033,0,60
4858,2035,3034,0,30
4859,2035,3035,0,0
4860,2035,3036,0,30
4861,2036,3001,0,300
4862,2036,3002,0,270
4863,2036,3003,0,240
4864,2036,3004,0,210
4865,2036,3005,0,180
4866,2036,3006,0,150
4867,2036,3007,0,270
4868,2036,3008,0,240
4869,2036,3009,0,210
4870,2036,3010,0,180
4871,2036,3011,0,150
4872,2036,3012,0,120
4873,2036,3013,0,240
4874,2036,3014,0,210
4875,2036,3015,0,180
4876,2036,3016,0,150
4877,2036,3017,0,120
4878,2036,3018,0,90
4879,2036,3019,0,210
4880,2036,3020,0,180
4881,2036,3021,0,150
4882,2036,3022,0,120
4883,2036,3023,0,90
4884,2036,3024,0,60
4885,2036,3025,0,180
4886,2036,3026,0,150
4887,2036,3027,0,120
4888,2036,3028,0,90
4889,2036,3029,0,60
4890,2036,3030,0,30
4891,2036,3031,0,150
4892,2036,3032,0,120
4893,2036,3033,0,90
4894,2036,3034,0,60
4895,2036,3035,0,30
4896,2036,3036,0,0
